url,label
18.162.41.154:8800,1
esun.beifeiya.com,1
pa.federcapital.com,1
260002.cxzch.cn,1
47.242.74.228:5050,1
paisoorummy.lseegame.com,1
47.242.80.214:6060,1
295507.zzgydx.cn,1
178.236.47.109,1
www.wzztb.com,3
kefuchuangkou.fun,3
928aa.com,3
jficbc.com,3
plt.zoosnet.net,3
wzztb.com,3
webcomicz.me,3
goaurstand.xyz,3
domainname.shop,3
758.03585.top,3
md.com,3
8090se.xyz,3
cdyyxx.com,3
hrbxyk.com,3
103.193.174.243,3
xn--6oq018gp8t.org,3
www.md.com,3
69gr.com,3
kekeel.cn,3
333531.com,3
666meiqia.cc,3
ra-by.com,3
08383.com,3
www.icbcamg.com,3
465a.com,3
qkdjj.com,3
www.69gr.com,3
wanbo288.com,3
hgw898.com,3
wwww.cn,3
www.yinshanghui.net,3
gpytao.f6mq.shop,3
cebban.com,3
cdnde.com,3
ccmoe.cc,3
120sy.com,3
t0o.cn,3
484803.com,3
haidilaohgjm.cn,3
010141.com,3
58588m.cc,3
www.pu5ej.xawriva.cn,3
ydxx1.cc,3
v1.cdnde.com,3
www.cebban.com,3
whycds.com,3
iccbe.org,3
www.czxvc.com,3
npx77.com,3
akoprekpajfjfdhfg.com,3
dbt.zoosnet.net,3
www.av5566.com,3
copymanga.site,3
m.167179.com,3
xianysdkf1008s.top,3
domainnameshop.com,3
ys.ccmoe.cc,3
chinahtg.com,3
kmj.zoossoft.net,3
nu5e8k.sjizjws.cn,3
666271.com,3
000088.cc,3
474.96049.top,4
theundergroundstar.com,4
691.93783.top,4
hzmsp.top,4
148.251.156.135,4
453.85085.top,4
dvyitv.vip,4
mindfire.services,4
lcsqwxgxde.com,4
thebeautifulcadiz.com,4
aoapp0.com,4
1fyq5.com,4
01mmd.com,4
app.uj2ij.cn,4
galiajewellery.com,4
0570.at,4
np32z.gyxzsoy.xfmtcn.com,4
683usdt5.cc,4
peluang99bet.info,4
banaro.cn,4
ssdyef.cc,4
social-moby.com,4
yq7.me,4
2fym2.com,4
jitu99bet.net,4
749.32434.top,4
fijwamreoy.cbrsda.top,4
31.42.177.217,4
dhd5b0.51upsun.com,4
www.hdfsdfdfsd.top,4
bo.aff007.co,4
rezz2.top,4
dh978.com,4
napp.youqu1688.com,4
588.60618.top,4
app2.zhenhuiai.cn,4
chyjkm.denuosaijia.com,4
xiazaiw67.com,4
hen1m.rjxz.u439.cn,4
youhs.top,4
hoki99bet25.net,4
1fyq14.com,4
tren.app002.life,4
1fyq2.com,4
jlbndb.com,4
lnakjna.shop,4
1fyq12.com,4
zmkd02.vip,4
1fyq21.com,4
qxkj.io,4
154.82.84.8,4
1fym8.com,4
mm4dx57bc.com,4
chainzarena.com,4
ppim3.com,4
qbnhmsc.com,4
np32z.gyxzaz.xfmtcn.com,4
am.app002.biz,4
www.381228.com,4
hgmjc.com,4
www.fuzhenchang.com,4
www.567fenfa.cn,4
v9860.com,4
fyzv3.top,4
tjsrmd.com,4
sfera.world,4
seseapp.top,4
97vc6.com,4
barankayagroup.com,4
coffeesia.com,4
134.184.0.219,4
jinlingyizu.com,4
aicc2017.org,4
421541.com,4
2fyq14.com,4
howprofitable.com,4
julebang.cn,4
fqvip66.com,4
bo.aff007.club,4
glymmcc.com,4
fillionelsea.pro,4
www.mtzbs.com,4
ailiaojiangsu821.com,4
www.diyiciyongbao102.com,4
gtv.app002.life,4
5o14w.cn,4
bt41q.com,4
2fym18.com,4
q3la08.51upsun.com,4
madou805.com,4
keyukeji.com,4
www.dcl5.cn,4
if914.com,4
1fyq13.com,4
1fyq15.com,4
www.eusapxai.com,4
vedabiotica.pro,4
down.prakipwner.xyz,4
riggsspeechtherapy.com,4
mlpingchang.com,4
ltaome.cn,4
311531.com,4
185.38.165.181,4
a.1jal5vl.top,4
triplewinlab-cashbody.com,4
yuanfenup.com,4
azyx1.tonmg.com,4
xxlcsm.club,4
www.ttna.top,4
rocioarmal.com,4
us016.cc,4
app.69705.cn,4
pangmaonet.cn,4
marketingcaptured.com,4
3fyq0.com,4
big3.charrem.com,4
1fym15.com,4
rvewgirupkox1116.com,4
ds.hdffsdf.top,4
dejhn.com,4
ttvip777.com,4
172.104.182.62,4
download.775282.com,4
yi.gi.ygjgs.com,4
www.ggg10.com,4
nbbairun.com,4
688hs.com,4
ddg69.csagub.top,4
dhzuks.vip,4
borwap.net,4
311.01748.top,4
pqzbbx.org,4
bo666.club,4
csyt2.gyxzzj2.jishunyc.com,4
fqvip55.com,4
91596app.com,4
zfgsuuie.com,4
zhengzhong8967.site,4
np32z.gyxzaz2.xfmtcn.com,4
hg06669.com,4
gtlnxo.vip,4
teamelchan.com,4
567.55408.top,4
www.l7468.com,4
34634.cc,4
sssasw3.top,4
sn.app002.life,4
live24.app,4
am.app001.mobi,4
906.06297.top,4
ruibclk.live,4
appdown.yx8011.vip,4
yilisports.com,4
isafe.pro,4
jh6o7n.vip,4
www.amaz0n0.com,4
fxprozx.live,4
sd.gdgsdsf.top,4
namelxf.com,4
www.567fenfa.cn,4
annefigo.xyz,4
axlmxzvip888.biz,4
whquyun.com,4
www.qqq321.com,4
139.162.81.239,4
am.app002.life,4
rahw.51upsun.com,4
a.cmnxkry.top,4
s.put.re,4
www.shellsec.com,4
3fym15.com,4
ailiaozaplapla821.com,4
553.89531.top,4
ttvip333.com,4
dbolical.com,4
2fyq3.com,4
bukahati909.com,4
xdf66.vip,4
boao.38games.com,4
74579246.cc,4
rzehosting.com,4
891.25070.top,4
569.49282.top,4
niion.cn,4
7790.us,4
yiyu8.com,4
cache.gamhw.net,4
bhi3ou.vip,4
gyxzaz2.xfmtcn.com,4
rzun0.top,4
83676.vip,4
kn8rfs.top,4
625.47239.top,4
172.104.15.81,4
hoki99bet25.com,4
1fyq11.com,4
miliaooo660421.com,4
hkweb.page,4
149.28.39.178,4
sdrangze.cn,4
tx.app002.life,4
derelo.com,4
1fym19.com,4
fuctrading.live,4
gzlp.jmqff.com,4
wespecial.com,4
dpidea.net,4
51yousu.top,4
gv.aff007.cool,4
2fym7.com,4
2fym6.com,4
www.etourms.com,4
huibao.pub,4
jtqvrq.ghdfgdg.top,4
dimdial.com,4
fulifensi.com,4
3fyq10.com,4
gv.aff007.club,4
lkyhz.vip,4
xinyuanfangshui.cn,4
download.whtblm.com,4
16.163.21.244,4
gv.aff007.co,4
fanqie.buzz,4
139.162.28.129,4
www.ruanjk.homes,4
nwmie.nwmiedown.leileiya.cn:6088,4
zhangxiuyan.club,4
hzlianzhu.com,4
173.248.150.229,4
jzxgtdh.com,4
h5doc.com,4
ogsappxz.com,4
www.ewfdbd.com,4
udzmlbc.hdffsffdf.top,4
chaoji51.com,4
3fyq18.com,4
codehub.website,4
0524.at,4
planetsurya.com,4
2fym5.com,4
mobileapkfree.com,4
i01ww6.vip,4
85155.66chat.me,4
3fyq18.com,4
1fyq6.com,4
2fyq10.com,4
d8kt4c.51upsun.com,4
www.qyztsc.com:8072,4
www.hpbisl.vip,4
a482y.csagub.top,4
548.76476.top,4
avw783.51upsun.com,4
jijuriji.club,4
app2weimav2.952727app.com,4
ds.932726.xyz,4
123.253.26.44,4
ddm8.kugua99.xyz,4
chasechan.cn,4
lkyhz.top,4
239.13841.top,4
07786gg.com,4
809.09454.top,4
3fyq16.com,4
053.72674.top,4
7084.us,4
phpe.top,4
sw236.com,4
fd0088.com,4
recredelicstudios.com,4
2fyq9.com,4
979202.com,4
4484.at,4
048.at,4
x3.xchj03.com,4
153.120.5.50,4
qbgtw.96xf.cn,4
csyt2.gyxzaz.xfmtcn.com,4
www.gdffgdffs.top,4
garagedoorgresham.com,4
tuzm2.cc,4
xhgapp4.com,4
tbsvu.com,4
109.28082.top,4
www.fhdfgd.top,4
5cq7ws.51upsun.com,4
beta.yizhanapp.cn,4
rezz2.vip,4
appupdate1.xyz,4
mshmm080.com,4
funnewz.com,4
15bus.com,4
app.xxty8.com,4
gkfhlk.vip,4
185.112.156.194,4
wang.games,4
resourceservers.com,4
gv.aff006.tv,4
airtcp888.com,4
jpvzhy.com,4
a.zbjknpx.top,4
a.qzrygd.top,4
2fyq7.com,4
ttvip111.com,4
ngu.in,4
kangyoukeji.com,4
unlockapk.com,4
lkyhz.top,4
k2xmx.gyxzaz.xfmtcn.com,4
oa3w.com,4
9822.us,4
1.xxxyyy.xyz,4
1fyq16.com,4
apkwhale.com,4
133.242.186.14,4
heheyl.com,4
sydd3.top,4
yyds855.com,4
redfinger.com,4
tosiliconvalley.com,4
2fym15.com,4
app.1hone.cn,4
23.254.247.156,4
505.82608.top,4
3fyq17.com,4
img.jetbitts.com,4
3659001.com,4
soe840.cc,4
gyxzzj2.jishunyc.com,4
lmxfd.com,4
zzyp20.com,4
oratometer.com,4
lkba.net,4
dafa8791.com,4
thefgjfghkk.xyz,4
api2.ttp1.cn,4
m.aiyouxiba.com,4
7783.us,4
theplayoffpool.com,4
646.54606.top,4
ttvip666.com,4
xiazai.derekblog.club,4
mmt12.com,4
677.86865.top,4
ylbb2.com,4
3xjq41.com,4
pipix.com,4
sfile.mobi,4
hcm2q.gyxzsoy.xfmtcn.com,4
45144.vip,4
kepalime.com,4
csyt2.gyxzsoy.xfmtcn.com,4
marketfasttrack.com,4
image110.com,4
gxb3k.rjxz.u439.cn,4
yuwanqing.cn,4
app.syyapp.net,4
lftlbw.com,4
kzwvgd.jfghfdfg.top,4
www.ihnh.cn,4
fjadk.com,4
www.madou106.com,4
6337.us,4
27889.vip,4
mtzbs.com,4
16.162.81.223,4
793.69084.top,4
apacherevolvermusic.com,4
480.17659.top,4
rajoint123.online,4
tu.90432.net,4
660.94306.top,4
www.kj4l3c.vip,4
us021.cc,4
hpflr4.vip,4
iqhmh.com,4
985z.cn,4
105.70746.top,4
3fyq3.com,4
smilebumper.com,4
0109.at,4
1fym13.com,4
shenduoly.com,4
546456.cc,4
301.15328.top,4
2fym8.com,4
mettabirthservices.com,4
350youxi.com,4
kyleandelin.com,4
vantgeloof.com,4
wangleiqin.club,4
f6ymd3.vip,4
game930.com,4
468.29444.top,4
sn.app002.co,4
ds.hdfgdfg.top,4
002.94794.top,4
103.29.144.253,4
bidmyqps.xyz,4
ds7bnw.51upsun.com,4
pipiqiang.com,4
ryzm7.cc,4
nropvw.hdfgsdsdf.top,4
wetcent.com,4
yuyiya.com,4
tiao.app166.top,4
fifo88promo.shop,4
api.appupdate1.xyz,4
ns4.net-dev.org,4
gpqq18.cn,4
www.zcw44.com,4
am.shaopin.shop,4
www.althephonse.com,4
148.72.87.138,4
y17933.com,4
x.flmall.vip,4
www.lengmo.net,4
funwithsoftware.com,4
178.255.41.98,4
www.567fenfa.cn,4
sicksorenson.com,4
game.fuliyouxi.vip,4
gurkok.com,4
rajoint666.club,4
www.rajoint666.club,4
rjhxo.com,4
www.ppim9.com,4
23.91.97.149,4
119.8.50.152,4
www.ei6cs.com,4
ny.app002.co,4
jefhsa.com,4
116.213.36.190,4
192.53.116.84,4
1fyq10.com,4
shaha607.com,4
149.129.173.163,4
esurasrentacar.com,4
cocotemplates.com,4
3fyq11.com,4
zhaoquanzhijia.com,4
2fym9.com,4
download.775282.com:8443,4
fhsshwl1123.com,4
longxiazai.xyz,4
www.gshdasdaf.top,4
bsadev.dev,4
jnyuezhi.xyz,4
xn--3011.apk.house,4
rjsdelileesburg.com,4
fuctrading.ltd,4
gabriels.guru,4
www.ovxn8.com,4
96.3.203.37,4
larrywestford.com,4
ekhxkj.vip,4
dsvsn.live,4
algos.top,4
m.116455.com,4
rebz3.cc,4
checklicense.net,4
cainaru.com,4
www.567fenfa.cn,4
guitarcompanion.com,4
WYJER.VIP,4
213.226.165.118,4
vitallifeadventures.com,4
da104.qihuods.com,4
www.xb887.me,4
ns1.net-dev.org,4
70mmm.com,4
qunimade711.com,4
cqspaq.com,4
p4yray.org,4
1fym12.com,4
qiliao519.vip,4
qingwendang.com,4
267.14065.top,4
gaoshipo.cn,4
gmqb.buzz,4
nantongdaxue.com,4
apkthing.com,4
456.48183.top,4
www.h0i1.com,4
leeman-expo.com,4
zcw44.com,4
s-static-assets.androidapks.com,4
2fyq4.com,4
150.38893.top,4
194.55.12.216,4
b31f6ba4c31ede69d54a25e5a4f22e0f.rangwofuba.shop,4
gd626.com,4
www.sanantoniobusinessphonesystems.com,4
www.jibaigouer0601.com,4
www.hnsjle0k3mke.com,4
www.yourfgjfghkk.club,4
dddhsp.com,4
1zvu7.com,4
1fym6.com,4
063.26687.top,4
ehysrkhcoa.rgouhdh.top,4
www.n3zkm.com,4
yk7a.me,4
www.feimaotui88.com,4
www.wenqai.top,4
carnicosmacaronesia.com,4
jykjcn.org,4
softdown9.com,4
totws.com,4
100.66412.top,4
shentehui.com,4
demoportal.org,4
beta.yizhanapp.cn,4
a.hqvwybw.top,4
www.madou108.com,4
superboypower1012.com,4
lh87569.com:443,4
91speed.vip,4
legend-bro.cn,4
jtqvrq.ghdfgdg.top,4
154.221.21.191:6789,4
alalove.com,4
imtoken7.vip,4
majesticsmotors.com,4
androiddownload.net,4
4gjp.com,4
www.qyztsc.com:8071,4
skogr.top,4
www.ppim3.com,4
routified.com,4
s.1717388.com,4
wayfaira.shop,4
163dn.com,4
azart-mania7.com?channel_code=MIM04YF,4
www.398295.com,4
www.yx.52qfx.com,4
fq235.com,4
app.uo4nb.cn,4
www.567fenfa.cn,4
3fyq12.com,4
fgsdejstiwjfosawrfkij.com,4
gv.aff007.co,4
app2.jifenfa.cn,4
huichexiao.com,4
kindcn.cn,4
ewin007.cc,4
u.15bus.com,4
15.222.126.164,4
47.242.131.227,4
3999303.com,4
128.84173.top,4
192.53.113.96,4
wyyxsc9857.com,4
ruibcer.live,4
888vip.icu,4
subhanui.beget.tech,4
mk0qa9.51upsun.com,4
1fym7.com,4
ttvip888.com,4
static.aiyouxiba.com,4
www.88983.nl,4
365haojob.com,4
www.app91238.com,4
www.funwithsoftware.com,4
gukjgkjvk806.com,4
464.98490.top,4
kx6pt0.vip,4
15610915553.com,4
ibway67.com,4
fyzv3.cc,4
568.31749.top,4
7u.aff007.cool,4
meihaoshenghuo423.com,4
dlhshop.com,4
app5466.com,4
064.14693.top,4
www.h0533.com,4
dcl5.cn,4
3fyq11.com,4
d26d.cn,4
thuetrodanang.com,4
jms6ww.vip,4
23d5.com,4
dechamplain.org,4
xvapp.xyz,4
thebrickhoboken.com,4
mlslp.com,4
app.eb888.xyz,4
a.uezfngd.top,4
a-dou.com,4
1.down.sxapmnn.cn,4
tinyadx.com,4
romzhijia.down.shiruiqing.xyz,4
xz695.xyz,4
hcm2q.gyxzaz2.xfmtcn.com,4
longteng28.cc,4
sn.app002.co,4
hq084.com,4
tian.hngline.com,4
423.97150.top,4
www.dechamplain.org,4
katahdinlodging.com,4
116.213.36.189,4
dsp02.qichengwei.com,4
3338k.com,4
patientassurance.org,4
7417888.com,4
www.567fenfa.cn,4
www.mgyx1.com,4
k2xmx.gyxzzj2.jishunyc.com,4
890.13143.top,4
geminihost.com,4
134.184.0.233,4
623.43726.top,4
dmcicondoreservation.com,4
xn120nk.com,4
wcy.fgtrj.com,4
gcsj.xiekuhh.top,4
413.74679.top,4
peluang99bet.com,4
dz1.91tzy.com,4
gnqnz.com,4
cps6if.vip,4
www.galiajewellery.com,4
2fyq16.com,4
847.66772.top,4
ahsyjeasd.org,4
qutuijian.com,4
vicms.cn,4
2fyq15.com,4
m.qingwendang.com,4
bo.aff006.vip,4
xueshujsq.com,4
thecampingreport.com,4
www.xiangdt.com,4
1fym14.com,4
airbubblefilmmachinerysupplier.net,4
cannedfishgame.com,4
dubsquaredesigns.com,4
yk1c.me,4
59.lbd5.cn,4
fucfuture.today,4
681.66824.top,4
1.179.246.5,4
pgjndn.org,4
1fyq4.com,4
cms.htc.joloplay.cn,4
www.madou109.com,4
www.lnakmka1.shop,4
inbquan.com,4
139.162.49.212,4
www.shenduoly.com,4
www.91wv.com,4
thepanocean.com,4
syvbcdq.gdgsdsf.top,4
kzjd2.cc,4
yezg3.vip,4
tym.asia,4
255mt.cn,4
pinkfire.pw,4
8499aa.com,4
star1663.top,4
www.gdgsdsf.top,4
745.99409.top,4
85.214.66.142,4
www.onekeyrom.com,4
2fym10.com,4
11.ptdown.dgf2.cn:9708,4
aa736.com,4
chuanqi888.xyz,4
joxzb.com,4
www.rooms-to-go.com,4
gtv.app002.cc,4
rrr.gay,4
app2weimav2.8889995.vip,4
mcajowifjlkmv.com,4
www.klapschus.org,4
sxfengqi.cn,4
fgjfghkksolutions.xyz,4
winterfeel.com,4
ultimateiphoneguide.com,4
102.52019.top,4
gtv.app002.co,4
ccc.1666ym.cn,4
yundiaoke.top,4
tbsvu.com,4
cjbpkm729.com,4
app.yipu88.cn,4
d5you.com,4
tyzb7.cc,4
leihai912.com,4
www.nuithngwo3iurhnfu3r.com,4
x27c.com,4
91wv.com,4
m.fgjfghkksolutions.xyz,4
ei5oiw.vip,4
78.29.9.4,4
ttvip888.com,4
2fyq6.com,4
vidmate.net,4
yuzzj.jishunyc.com,4
634.75578.top,4
www.ca0zsm.vip,4
pyfbsl.com,4
h0533.com,4
ruzb3.vip,4
363365188.com,4
www.amaz0n0.com,4
673.72338.top,4
doomtownchoppers.com,4
dvcl53.com,4
youqu1688.com,4
app.liwuxin.cn,4
youka18.com,4
oss.cdn.ipekevi-sal.com,4
wrestlingfancruise.com,4
ttz9.cn,4
aikaipan.cn,4
hioxy.top,4
uiawqpsmuq.csagub.top,4
rkxrsj.gdhdfdfff.top,4
942.16875.top,4
chinaqupu.com.cn,4
golddak.com,4
www.215845.com,4
www.kindcn.cn,4
86.105.231.70,4
mojtabanoor.com,4
jyqhvlgheq.jcdfbv.top,4
10353892.com,4
fucfuture.life,4
www.sh413.com,4
ervqjg.hdfgtdfsd.top,4
gbplus.net,4
476.78095.top,4
mycool.xyz,4
shiguangkey.com,4
zzhongxian.com,4
nouyn.com,4
kmmzjm.cn,4
bgejmg.vip,4
ziltomexpediciones.com,4
9455app.cc,4
43.139.85.167:90,4
154.23.213.80,4
h5-mllott.mllottframev366.com,4
chakkamo.com,4
2fym9.com,4
ssad.ghdfgdff.top,4
sdojfz.com,4
utvbdx.hdfgsdsdf.top,4
wawakua.cn,4
sn.app002.club,4
hq094.com,4
dw.cnhsnj.com,4
fqvip66.com,4
www.hwlxrl.vip,4
45.55.144.115,4
donw-app-luobo.goodapplink.com,4
app2weimav2.51585338.com,4
sd.fisjifigsd.cc,4
02002kk.com,4
ngematic.com,4
moddroid.com,4
tenliu.top,4
xiaoxiannv.algos.top,4
fq367.com,4
566.74823.top,4
5.61.39.35,4
a6yj.org,4
niranobasamusic.com,4
small.tips,4
app.dajieapp3777.live,4
tren.app002.co,4
northbranchservices.com,4
43.135.125.6,4
a.lirlcj.top,4
feimaotui88.com,4
webserv2.ovh,4
1fym4.com,4
www.zhunbei0124.com,4
www.madou104.com,4
www.oktjy.com,4
0510.at,4
133.41988.top,4
850.25343.top,4
dleta.prakiafoaj.xyz,4
dodourl.com,4
lazyshit101.com,4
www.matliuu1120.com,4
52.37.237.55,4
npzrx.com,4
bq.appfx8.com,4
kangaru.cn,4
364.97545.top,4
dw.xinnian02.com,4
media-blog.cdnandroid.com,4
pushad.net,4
wsnyj.cn,4
ydmvkl.ghdgsdgf.top,4
dw.gdcf103.com,4
chemiss.net,4
fbhjrebj-404.com,4
2fym14.com,4
775282.com,4
csyt2.gyxzsoy2.xfmtcn.com,4
542.26614.top,4
ja8nk.rjxz.u439.cn,4
app.jg88.cc,4
mindfire.one,4
66chat.me,4
hebz5.top,4
134.184.0.88,4
751.87006.top,4
www.026qs.com,4
tongji.58ugame.com,4
ddpltj.gdhdfdfff.top,4
857.15241.top,4
franklinit.com,4
www.quliaobioho1124.com,4
dafa8786.com,4
u439.cn,4
dkmluosi.com,4
gv.estyle.wang,4
leekrasnow.com,4
fq238.com,4
ttvip555.com,4
65655252.cc,4
3fym17.com,4
a.viwfbf.top,4
l99786.com,4
oilz3.vip,4
90432.net,4
069.31554.top,4
competenortheast.com,4
fsf.gsdhufsh.cc,4
ekwips.com,4
lelehe.cn,4
c8hde.top,4
www.ngu.in,4
fsf.gsdhufsh.cc,4
031.70516.top,4
www.youzhejie.com,4
vrxc.51upsun.com,4
hoki99bet25.org,4
www.sdhgfuershfuwaerf.com,4
androidapks.com,4
34.217.174.186,4
3fyq7.com,4
tyzb2.cc,4
neasa-hosting.com,4
nwmie.nwmiedown.leileiya.cn,4
c.apk-cloud.com,4
86yt.cc,4
51weibo.com,4
peluang99bet.net,4
uhuijingling.com,4
bnext.global,4
nvst.51upsun.com,4
skinresearchapi.com,4
gyxzsoy2.xfmtcn.com,4
fucatrading.info,4
0891.us,4
fqxz65.com,4
47.56.148.193,4
345.03913.top,4
www.pa2005.com,4
c1mwa6.51upsun.com,4
houxiaojian.top,4
www.1zvu7.com,4
lh87569.com,4
neterwork.com,4
www.vasco-rama.com,4
hcm2q.gyxzaz.xfmtcn.com,4
kcre0n.vip,4
fs.776386.xyz,4
zzzttt.life,4
hidecat.me,4
qoba.xyz,4
app.kubej.cn,4
dload.usporbrown.xyz,4
398396.com,4
hcm2q.gyxzzj2.jishunyc.com,4
linkmb.net,4
500weiliao1106.com,4
jlljjl.cn,4
1fym9.com,4
v6352.com,4
tmstore3524.com,4
www.juduoduo.top,4
wyjew.vip,4
csyt2.zjgyxz.jishunyc.com,4
dfs.bxfafsddd.top,4
103.81588.top,4
zhfor.com,4
quliaolo908.com,4
qmls168.com,4
fdj78.csagub.top,4
thecommonthreadbook.com,4
nxswcg.com,4
dl.apk-cloud.com,4
002a.vip,4
skin.bdstatic.top,4
www.kepalime.com,4
lss3.cn,4
santoantaodiving.com,4
druginpatientrehab.com,4
1fyq8.com,4
simplythaibristol.com,4
shenqiji.xyz,4
13.250.202.136,4
mgyx1.com,4
zzyp21.com,4
836.10399.top,4
czkh.22036.top,4
777.62685.top,4
nkmp82.com,4
47.57.236.134,4
420.24803.top,4
zs-gw.com,4
caobb3.com,4
www.oewcvxs.top,4
np32z.gyxzzj2.jishunyc.com,4
nihaoconsult.com,4
opda.com,4
www.easywang.net,4
2fyq11.com,4
tren.shaopin.shop,4
172.81.104.8,4
sjzlshh.cn,4
sw236.com,4
apks.appsgag.com,4
letgotop.top,4
004a.vip,4
721.91736.top,4
app.fk76.cn,4
petrov99.xyz,4
fucfuture.online,4
234ii.com,4
bo.aff007.cool,4
963864.cc,4
saopro.com,4
2fyq1.com,4
fxazyx2.tonmg.com,4
55.gx.jiejizhandown.leileiya.cn:7220,4
pmnwecuxwan1117.com,4
xw8f5.rjxz.u439.cn,4
www.h0i1.com,4
bdhsea.com,4
yishuqianming.cn,4
7rlww.com,4
app.gkgglioa.com,4
stdispacth.com,4
ydhmbj.cn,4
media.cdnandroid.com,4
3fyq10.com,4
0743998.com,4
kwiil0.vip,4
gv.aff007.co,4
176.60294.top,4
3fym16.com,4
098.61655.top,4
microg.org,4
cdn.apk-cloud.com,4
044.19835.top,4
ns2.net-dev.org,4
www.c966app2.com,4
lousuiiii0303.com,4
43.198.81.116,4
big2.tonmg.com,4
70.37.90.100,4
dutchandduke.com,4
papw.net,4
ltvip11.com,4
ccf18.com,4
aa2599.cc,4
tuiqiwang.com,4
masgsgu.cn,4
8pc9x.xyz,4
worldnod.com,4
40app.loulo66app.top,4
gv.aff007.co,4
hasuo.xfmtcn.com,4
115.94709.top,4
684.61236.top,4
488.99042.top,4
52.24.206.125,4
ios.googu.top,4
85.214.76.175,4
rizbd.cc,4
ajo9az.vip,4
562.73141.top,4
fucatrading.live,4
bo.aff007.co,4
www.jfz10.com,4
onehost.io,4
himuyy.cn,4
319.48572.top,4
routlfied.com,4
duyeo.pnelcbell.xyz,4
sn.shaopin.shop,4
vascorama.com,4
520jjy.com,4
peachbox.xyz,4
api.myb6api.com:8080,4
2fyq21.com,4
www.dihukeji.com,4
ryna.tech,4
2021.down.healthier.vip,4
111.mmt12.com,4
app.77jh.vip,4
664.75991.top,4
yunchachong.cn,4
shiruiqing.xyz,4
700.28348.top,4
ns3.net-dev.org,4
skogr.vip,4
jydqzj.com,4
d88portal.net,4
blackfridayvianneyusa.com,4
192.241.195.252,4
903.60328.top,4
aoanwangluo2.cn,4
l2238.com,4
lfsrep.weizhuan2.cn,4
f4doee.vip,4
downza.91speed.vip,4
linyiifc.com,4
sxsdcyy.com,4
3fyq9.com,4
2fyq17.com,4
re2.cghykz.cn,4
wyysstore5845.com,4
www.567fenfa.cn,4
yimins8.com,4
www.shiguangkey.com,4
np32z.gyxzsoy2.xfmtcn.com,4
app-download-service.ntuop3.com,4
www.p30download.org,4
2fym16.com,4
ib-expo.cn,4
040.at,4
mauj.com,4
642.at,4
kimandjonathan.com,4
cg-49.xyz,4
ofv5a7.w34x.shop,4
bika.91wv.com,4
qyxs8.com,4
jover.cn,4
kpa3.one6868.one,4
app5446.com,4
yanfenglou.cn,4
3fyq15.com,4
sanantoniobusinessphonesystems.com,4
www.hq094.com,4
bb.zlapp.us,4
m.qutuijian.com,4
2fyq12.com,4
www.w1b9gtl.top,4
847.28914.top,4
sharpmindengineers.com,4
jnxmym4.cn,4
www.gsdfsdfffa.top,4
www.jh6o7n.vip,4
sn.app002.club,4
hyjzqs.com,4
ujqfsoulnn.lirlcj.top,4
a8m.aicarclub.com,4
erhgfiuribinwq1113.com,4
3fyq8.com,4
241802.com,4
rrr.gay,4
twranchu.com,4
oyooyo.cn,4
jd1.jdtuangou22.bar,4
702.35476.top,4
sk562.com,4
faceesy.com,4
graffitimyoffice.com,4
175.24.244.175,4
hhh5down.com,4
bhfsjkhjehe.com,4
dm8qa.kugua99.xyz,4
lei-su.ws,4
014.81316.top,4
www.axpojie.com,4
kugua99.xyz,4
yourfgjfghkk.club,4
1fyq10.com,4
1k-app.com,4
icwe.top,4
7u.aff007.co,4
l87559.com,4
2fym13.com,4
398392.com,4
dopefish.net,4
h49zm2.vip,4
2fyq8.com,4
m.qyxs8.com,4
139.162.36.99,4
gd771.com,4
2fyq10.com,4
ttvip688.com,4
ihnh.cn,4
3meisaler.cn,4
103.68.251.10,4
518.67646.top,4
www.sawesh.com,4
gv924.com,4
84.208.20.240,4
yvb8s.cc,4
qingmowuliu.com,4
zhlng.com,4
fuctrading.shop,4
h5.xuexi.cn,4
3fyq2.com,4
jibailiao1111.com,4
1535.us,4
dsebgrf78-43we6yt8iej.com,4
luolips.com,5
kqzwbh.cn,5
xidashoes.com,6
www.nw3x.com,6
efan86.com,6
rj01.com,6
sfsixin.com,6
www.szjndr.com,6
www.dgminfu.com,6
www.shiguangphoto.com,6
www.xsbnqn.com,6
kingyicaishui.com,6
fmau.cn,6
1237.com,6
www.www992av.com,6
www.imagemule.com,6
cl915b.com,6
cnwali.com,6
www.swyyj.com,6
jul.cn,6
tzua.cn:9009,6
uni-cos.com,6
litiankeji.com,6
dlsxdxx.com,6
gzrobot.com.cn,6
www.zililearn.com,6
www.szjhpen.com,6
www.885577.com,6
100.seyoyo54.com,6
m.bibiys8.com,6
www.279449.com,6
xzfeida.com,6
thechinaphoto.com,6
hizibi66.com,6
colwu.com,6
zonghengfy.com,6
12363.com,6
lznycyhsh.com,6
www.bielworks.com,6
jw788.com,6
story.mollamidwifery.com,6
ipph.com,6
www.xsznytb.com,6
www.altaghat.com,6
024zl.com,6
www.520lzj.com,6
jxfgsc.com,6
zzvod.com,6
gft.diyizhendi.com,6
www.xyi100.com,6
wxsdsb.com,6
www.nmgfzwqw.com,6
fp613.com,6
ciscosafe.com,6
www.fzfbyl.com,6
www.0512kt.com,6
wsdh55.com,6
www.9d188.com,6
mofawangzuo.com,6
csssyzx.com,6
cqtk.com,6
www.dadmam.com,6
xjvn.cn:9095,6
3fj.com,6
www.838be.com,6
www.cl1f44.com,6
huaihua.its-scale.com,6
www.zzzyjcc.com,6
www.lpscmy.com,6
m.lsm0.com,6
938ups.com,6
www.hniia.org,6
163vd.com,6
www.90qqjy.com,6
www.smartecprefab.com,6
www.shengxinxieye.com,6
www.lychangan.com,6
gao904.com,6
zhuantousu.com,6
26cz62gkeykf874t.laosep55.top,6
www.xiheliangpin.com,6
www.sakabuta.com,6
tyygks.cn,6
yqzy.com,6
www.fb61.com,6
www.srdgg.com,6
xhdcyyq.com,6
www.xhdmuye.com,6
hongshu123.com,6
x3218.com,6
marutatu.com,6
www.1688wd.com,6
fmmtzpw.com,6
hbkshg.com,6
www.goiliad.com,6
www.shounbio.com,6
www.13208008888.com,6
jvgfanatic.com,6
www.wspccj.com,6
www.ykwetty.com,6
57709.com,6
62449.com,6
99641.com,6
www.mosemc.com,6
www.x9813.com,6
hbdcqshm.com,6
anshun.ewealthcoach.com,6
www.xy-net.com,6
www.fzrgw.com,6
akthzoui.www.xsjx.com,6
hk11.com,6
pea18.com,6
walllightchina.com,6
usaisedu.com,6
lfzhuoyue.com,6
seller.johnsenins.com,6
hjpp.com,6
yjspb56.com,6
www.dlb9.com,6
www.cmpita.com,6
taoh2626.com,6
www.hgdm.cn,6
www.88754.com,6
www.phototoursabroad.com,6
img.juqingfenji.com,6
52yidi.com,6
weinan.medical-ufa.com,6
banjia159.com,6
hongding98.com,6
www.zszhigao.com,6
shhyufu.com,6
www.jixieshebei.cn,6
www.kiakk.com,6
zhukou.com,6
shanghai800.com,6
5971000.com,6
dengfeng.asasag.com,6
sport.unitedfurnitureinc.com,6
www.shxk18.com,6
jiemila.com,6
28hg.com,6
byzb.com,6
537tv.com,6
024jiahe.com,6
758saohu.com,6
www.telicar.com,6
52popu.com,6
binbinw.com,6
nbdccar.com,6
www.ahtqshoes.com,6
www.888xq.com,6
www.hsbingbing.com,6
026785.com,6
www.swcxkj.com,6
mookk225.com,6
pb28.com,6
eliwe.com,6
www.asmwm.com,6
5761999.com,6
bizhiyu.com,6
structure5.com,6
nmgfzwqw.com,6
www.jjwxc.ac.cn,6
v7735.com,6
www.onezm.cn,6
www.9811fx.com,6
szhbqzz.com,6
www.26ya.com,6
www.notesnap.com,6
www.yzjnyxh.com,6
www.cl3dce.com,6
www.zylfmy.com,6
aolata.com,6
66.seyoyo77.com,6
www.dahouzi.com,6
www.598wg.com,6
116ie.com,6
gg65.com,6
imcr.cn,6
laohuditu.com,6
www.s8k.com,6
httpwww.xdtxt.com,6
meirengshuo.com,6
fushun.muzikleapp.com,6
www.hrbyljx.com,6
www.ruiridehs.com,6
www.anxihaier.com,6
www.g305.com,6
ntt.jiajintech.com,6
194929.com,6
baijiajituan.com,6
789xd.com,6
www.7sp4.com,6
llxcdc.com,6
wap.krcaiyi.com,6
www.bjlxyt.com,6
zhongyunzhitong.com,6
2745.com,6
yixianjixie.com,6
xiaoshuo.9zq9.com,6
007mf.com,6
xaepj.com,6
289911.com,6
www.365oo.com,6
www.sjgxwh.com,6
www.99i9.com,6
penkobuy.com,6
yw8686.com,6
jhykm2.com,6
www.wldxt.com,6
seo0630.com,6
www.k489v.com,6
4chungu.tech,6
corp.tgieveryday.com,6
kydw.com,6
521dizhi43.com,6
www.tafangshui.cn,6
fokalsto.www.xsjx.com,6
cl3dce.com,6
www.13267.com,6
www.szubo.com,6
www.2010union.com,6
mirror.amychong.com,6
www.helenprincess.com,6
www.gaomao.cn,6
www.cnfetion.com,6
www.cqtk.com,6
www.wxjcb.com,6
hongrihuanbao.com,6
innova-tj.com,6
zhaoyizhong.com,6
hiszx.com,6
myhaigou.com,6
xmhuoda.com,6
133.igao57.com,6
1465368171348.szmuzu.cn,6
ituphone.com,6
m33.cc,6
www.xau3.com,6
m.e-plaspackaging.com,6
www.thumbteens.com,6
www.mmq36.com,6
9cjiancai.com,6
symw963.com,6
www.nxwkh.com,6
www.qcxbkc.com,6
lhgzf.com,6
www.chengzehg.com,6
01139.com,6
www.b-course.com,6
www.kyuee.com,6
safewell.com,6
cdhldb.com,6
wjzyyzlk.com,6
jke.snjygy.com,6
365xyz.net,6
nd67.com,6
www.91lushu.com,6
78z.com,6
ohyc.com,6
www.460539.com,6
www.796789.com,6
www.palm-leaf-books.com,6
grilclub.com,6
www.tsyjbeer.com,6
vvoallz.cn,6
506623.com,6
www.hdpyh.com,6
www.498282.com,6
mylineageadena.com,6
shoppinghotel.com,6
health.atiyehkhah.com,6
chat.fishingprognosis.com,6
www.bdwty.com,6
www.gylxw.com,6
www.yifanjj.com,6
www.horse-galloping.com,6
sfzl.net,6
www.bnifns.com,6
www.gdnfdy.com,6
lfshiye.com,6
gznbq.com,6
mingdahn.com,6
sabu-film.com,6
www.lyrcn.com,6
file.results-today.com,6
www.ak58.com,6
www.188space.com,6
hggfxny.com,6
www.jsklhq.com,6
www.jntengyi.com,6
kmao.cn,6
zhaosw1.www.xsjx.com,6
www.zhenqian-baijiale.com,6
webalso.com,6
jsz.com,6
www.gbmockup.com,6
www.911533.com,6
www.sexsogo.com,6
www.zbdsrj.com,6
www.dgyueteng.com,6
www.245cf.com,6
yiwuhuachen.com,6
www.xcyzy.com,6
1465184828093.szmuzu.cn,6
yfcjzx.cn,6
www.bjglc.com,6
www.dtopmodel.com,6
159cf.com,6
www.xowc.cn,6
www.87676.com,6
www.dengjinji.com,6
jiaoyu.simplybookit.com,6
www.mmq32.com,6
zhengding.domainedeberard.com,6
start.antalyaevlicift.com,6
www.si-mai.com,6
www.cnhkyb.com,6
notesnap.com,6
www.linnetting.com,6
daikcs.com,6
zxpy.com,6
cmianfenji.com,6
16.xxdd56.cc,6
www.hzailua.com,6
20.xxdd56.cc,6
www.ebxw.cn,6
198.52.125.239,6
kyanilz.com,6
www.1-zhe.com,6
gabrieloyola.com,6
www.cqlingdian.com,6
undergroundran.com,6
cuiweigu.com,6
mazalankamis.com,6
nmav77.com,6
xiaomajiaoyu.com,6
atallos.com,6
www.robot-edu.com,6
fludicon.com,6
mingwanshaiwang.cn,6
www.sn2233.com,6
bghzg.ynns.shop,6
jgkcllefspa.www.xsjx.com,6
wap.njwafau.cn,6
www.tjskj-sh.com,6
cggw.com,6
shenyanlab.com,6
hyudns.com,6
jinniuhardware.com,6
longmaoyangzhi.com,6
yw.cn28.com,6
hb8306.com,6
456hz.com,6
www.oyechip.com,6
2.xxdd56.cc:443,6
equipo2600.com,6
66429.com,6
www.parroco.cn,6
hbt.xiangyongbaozhuang.com,6
www.3318mk.com,6
sslxcdn.com,6
gzchangyu.com,6
868myw.com,6
33666yx.com,6
szdake.com,6
shipin.6aq6.com,6
ncwwcw.com,6
123680.com,6
fortune.fanzaaa.com,6
chanshen.baobaob.cn,6
assxragug.jinao.com,6
vippa.com,6
www.3263yh.com,6
sucuo.com,6
www.500305.com,6
clubelio.com,6
www.qmjs365.com,6
wuma.yrzzc.com,6
www.zswmjob.com,6
xgjiarong.com,6
www.730700.com,6
dengfeng.mygymaddiction.com,6
person.zju.com,6
www.giraffe-tech.com,6
www.68mm.com,6
pchuojia.com,6
gudongka.com,6
propaganda.com.cn,6
baoan77.com,6
www.k-jessy.com,6
www.gxslyl.com,6
47369.com,6
www.enhaoyb.com,6
anitawebs.com,6
m.hongrui888.com,6
m.gzsupremefood.com,6
yomh.cn,6
hangwowuzi.com,6
1fuli.com,6
m.qinghuigw.com,6
www.znhtwl.com,6
www.danmoblog.com,6
wmas7zyhawwrcfhz.laosep55.top,6
www.hzfly.org,6
www.glblj.com,6
s-nse.com,6
rockeee.com,6
www.zgbfzx.com,6
www.aptairong.com,6
www.centu.cn,6
ncshn.qianhua.co,6
www.jobostructurals.com,6
www.hebei-steelwork.com,6
ncswz.cn,6
14lyj.com,6
qianxiwujin.com,6
zzwgsm.com,6
aarsleff-sh.com,6
k83.com,6
553x.com,6
www.sr76.com,6
www.zs025.cn,6
mmb81.com,6
www.8x34.com,6
m.tigerzu.com,6
lan-semi.com,6
linzhou.comptamut.com,6
gm546.com,6
xblacktranny.com,6
jr816.com,6
9oo.com,6
jiedi88.com,6
hbzf120.com,6
jce-jcb.com.cn,6
kaisaigongsi.com,6
sibola.com.cn,6
www.fb20.com,6
www.789h.com,6
wx777.com,6
www.ajtxbg.com,6
www.kingoon.cn,6
www.hauqiangroup.com,6
xuyidgm.com,6
yanrx.cn,6
www.391615.com,6
www.xbgjwly.com,6
hlqa.cn:9030,6
www.tom3233.com,6
z77w.com,6
www.polyiot.cn,6
0311dn.com,6
weige988.com,6
d19c.com,6
www.jndybgl.com,6
www.xmhuoda.com,6
mamatequ.com,6
www.dyyfr.com,6
www.992dh10.com,6
11199906.com,6
www.hyncgl.com,6
lttxcits.com,6
1587.cc,6
www.mmw43.com,6
www.ctncrp.com,6
22av.co,6
www.8ctyc.com,6
www.raqzz.com,6
23mianfei.com,6
4008197777.com,6
54kk.com,6
www.ikanuoqi.com,6
www.jiesen888.com,6
www.3omretak.com,6
cnrt.cn,6
piku.cn,6
kaifaer.com,6
sunlvshi.com.cn,6
umoonsun.com,6
taian.orangestitches.com,6
66su.com,6
www.txt7.com,6
www.tcc-dfw.com,6
wanxindaauto.com,6
1455.cc,6
www87654.com,6
www.yangtang.com,6
luy0.com,6
m.stx160.com,6
linggelan.com,6
www.ny8yy.com,6
cazkb.qdh.cn,6
cj8fzegn.laosepi6.top,6
jshongtai.com.cn,6
ixihome.com,6
www.shnqu.com,6
www.av1663.com,6
www.hbcwzt.com,6
caidaobang.com,6
www.jks9999.xyz,6
www.deviruchi.com,6
www.51daifan.com,6
topfrom.com,6
ykoyfq.com,6
www.daiyunhn.com,6
www.moqibuy.com,6
www.qw45.com,6
funk-yard.com,6
period.apps.520guimi.com,6
arrowheadcharities.com,6
www.0us3.com,6
gaoyaguanjian.net,6
www.chla6.com,6
m.akmh.com,6
dw945.com,6
taoh2282.com,6
www.xzwsm.com,6
19soso.com,6
alphagage.com,6
www.bajiedianying.com,6
www.j277v.com,6
www.by.cn,6
kpxyd.com,6
aqd351.com,6
nbvh.jxjscp.com,6
www.jzx1996.com,6
www.506623.com,6
88kb.com,6
www.70422.com,6
99soon.com,6
gdoudiya.com,6
mhbyd.com,6
hoken-11.com,6
www.gc48.com,6
yahom-music.com,6
www.hnltou.com,6
9999be.com,6
weibo.beautifulrevelry.com,6
4402.cc,6
www.595ci.com,6
jizhang0351.com,6
www.naoxueguan5.com,6
sh-kafa.com,6
ckf.com.cn,6
jinwangjd.com,6
www.huizhongoil.com,6
www.sex5cc.com,6
www.emoula.com,6
zunyi.domainedeberard.com,6
www.btafx.com,6
df3533.com,6
www.onlyrti.com,6
txtytzt.com,6
wxskeltg.com,6
www.scdfys.com,6
fangchan.mateusdecampos.com,6
www.cciddev.com,6
www.njhotart.com,6
www.2r2r.com,6
www.guszseo.com,6
365yinyue.com,6
smtp.finahangzhou2018.com,6
www.samppp.com,6
nywwiuk.www.xsjx.com,6
nantianmy.com,6
88mh.com,6
shanz.cn,6
www.bbr68.com,6
ksdafa.com,6
codnyc.com,6
srmtvs.com,6
zhonghuaernvnf.com,6
183c.com,6
nmsgyj.com,6
ybjx888.com,6
www.eumale.com,6
fcpblog.com,6
inkridertattoos.com,6
xrsjc.com,6
www.anquangongjugui.com,6
30.xxdd56.cc,6
qingya8.com,6
www.72203.com,6
u21.com,6
www.jjsanxin.com,6
www.klg68.com,6
mail.zju.du.cn,6
studynow.cn,6
www.baoteng1169.com,6
cdytpack.com,6
edc23.com,6
sinazhidao.com,6
90.co,6
199q.com,6
www.cayleyaviation.com,6
www.jiaoyiyp.com,6
www.hgcyw.com,6
ecgoon.com,6
www.999989.com,6
sdkaida.com,6
capq.hg.cn,6
267789.com,6
zzqicheng.com,6
0753t.com,6
www.my.zju.du.cn,6
zzctqj.com,6
www.tgy789.com,6
www.shuanhotel.com,6
www.sdshilijiameng.com,6
www.456hg.com,6
sxjycs.com,6
www.o1n2.com,6
www.avgletv.com,6
hawk-sun.com,6
ag4b.com,6
dehuasoft.com,6
jiqing.anmoganji.com,6
www.hk588.com,6
weiyikai.com,6
sxzhenmuda.com,6
parkplaceclub.com,6
38499.com,6
www.404car.com,6
www.dayijt.com,6
bdhongyangdq.com,6
zqzxs.com,6
dlray.com,6
sanji.91qicheng.com,6
848b.com,6
www.dongxinb.com,6
www.52popu.com,6
mommyconceive.com,6
www.888bc.com,6
www.sm73.com,6
1441336929803.szmuzu.cn,6
wangweiblog.com,6
bbsdospy.com,6
arizona.fotvardhassleholm.com,6
gfxtoken.com,6
www.1jsd.com,6
www899111.com,6
huanchuang888.com,6
www.geziad.com,6
www.sxoyama.com,6
fsgaotuo.com,6
nkdswl.com,6
aminsabt.com,6
www.587df.com,6
www.573be.com,6
www.buprs.icu,6
226mz.com,6
www.kj84.com,6
www.bdgnzz.com,6
www.24axx.com,6
aqd166.com,6
0594zbw.com,6
fs9998.com,6
349mk.com,6
qingqiu.com,6
www.geerand.com,6
salesmobilehome.com,6
yb78.com,6
bx55.com,6
www.aqd50.com,6
www.scshunwei.com,6
ks43.com,6
yaolily.com,6
bestgift001.com,6
hxguokan.com,6
28rg.com,6
kcmhx.com,6
hesheng.fanzaaa.com,6
ntsfdb.com,6
xiaoshuo.wdgw888.com,6
kbvpi.com,6
www.zhgqt.cn,6
www.logo8592.com,6
jxee.cn,6
www.hanxincaishui.com,6
www.zhilianda.com,6
24vm.com,6
887756.com,6
app.siamcrafthouse.com,6
www.jslesj.com,6
www.xiyangyanghunche.com,6
chdz19.com,6
88ie.com,6
yuzhou.acadafund.com,6
dqpytqd.com,6
xzfce.com,6
dewsands.com,6
dq619.com,6
www.taicnc1688.com,6
meisikong.com,6
qingse.pumenpinns.com,6
www.ourdayi.com,6
m.gzjxjhhb.com,6
www.y156.com,6
www.85.hxyz.com,6
shforwin.com,6
www.binbindy.com,6
053899999.com,6
cll002.com,6
1.dly.cn,6
cqxhzj.com,6
www.985858.com,6
amisonshop.com,6
www.df7280.com,6
ujwjtcype.www.xsjx.com,6
www.avba007.com,6
www.ygv8.com,6
b5.cc,6
hbsjylgj.com,6
135.igao57.com,6
wx-ytbz.com,6
www.66bi.com,6
ahgzn.com,6
076087930620.com,6
oss.leyung.com,6
yxinjiaju.com,6
www.184535.com,6
qiang1995.cn,6
sxwy999.com,6
www.jgbcj.com,6
www.zjtg.com,6
www.885550.com,6
www.dmm0055.com,6
www.zkwr.cn,6
www.hantuodianshang.com,6
legew.com,6
99138.com,6
www.tom3633.com,6
asmwm.com,6
qybag.com,6
wysslxrmzf.com,6
groupdown.com,6
www.tztfjszp.com,6
www.verymars.com,6
chinaanpel.com,6
charterbusga.com,6
www.028yfgg.com,6
www.bf83.com,6
www.cfzjx.com,6
www.nbmadepower.com,6
www.dgfengjing.com,6
www.av1581.com,6
www.m.xiaoshuo777.com,6
124.xxdd52.cc,6
kingexcyuns.com,6
sr-sh.com,6
shkejie.com,6
taicang.3dice90.com,6
zzaa.com,6
www.kdcn.com.cn,6
cllfh.com,6
www.cswdsjc.com,6
m.fairymak.com,6
godiscuz.com,6
www.lkcu.cn,6
njhotart.com,6
19950416.com,6
www.88693.com,6
hust-inoue.com,6
btafx.com,6
hf51.com,6
5ml8.com,6
www.qiangzhula.com,6
isb-pk.com,6
hkk68.com,6
www.smartapps4.com,6
mma41.com,6
922zz.com,6
www.nztbn.com,6
sanji.365taotaoke.com,6
945.tv,6
cdbocweb.com,6
www.ym133.com,6
www.sdlcjty.com,6
hoover-homesforsale.com,6
jm-zhy.com,6
bj8858.com,6
www.iti68.com,6
www.ahlechang.com,6
www.trick-photography.com,6
polresbulungan.com,6
dreamland1.com,6
sumres.com,6
www.qb01.com,6
shipin.duoyuanshou.com,6
nanhaihaosheng.com.cn,6
7pn.com,6
romanbeauty.com,6
www.uzilai.com,6
www.mmw36.com,6
y3188.com,6
www.51zbb.net,6
ks-electronic.com,6
www.fowins.com,6
tygz56.com,6
204050.com,6
qingyuan.blitztheleague.com,6
wxjgys.com,6
www.zsqsdd.top,6
www.reporttech.com,6
www.online.jxt.com,6
www.df1520.com,6
bjzc0371.com,6
www.fjkymy.com,6
suozhi.chhkjob.com,6
www.cggw.com,6
www.myid6.com,6
www.357gg.com,6
dirrga.com,6
www.mmc71.com,6
sctjcc.com,6
www.ksrcsc.com,6
xhgi.cn:9217,6
xzzhj.cn,6
kingwolfhome.com,6
www.jsxy168.com,6
0395tg.com,6
xe8.com,6
ethiopia.its-scale.com,6
www.sz-xuelu.com,6
www.swbei.com,6
www.macaudesigners.org,6
wdphb.com,6
www.bgpct.com,6
am40.com,6
dgyfdd.com,6
jhb100.com,6
ziliguanlan.com,6
phuket888.com,6
responet.com,6
www.68865.com,6
shannonbenton.com,6
zhuhailvzhixianhua.com,6
www.kf999.com,6
fyyuman.com,6
7vqq.com,6
www.tom3739.com,6
www.hnqymc.com,6
sese958.com,6
www.lowcarbondevelopment.com,6
www.cqdzg.com,6
www.77cai.com,6
hnhma.com,6
www.136123.com,6
www.c595.com,6
sdhdhj.com,6
www.3456t.com,6
www.tsmhjx.com,6
www.027dmt.com,6
www.yc1689.com,6
www.dgdqi.com,6
df8323.com,6
fjxjyzx.com,6
qdkw.com.cn,6
jinlisk.com,6
666jj.com,6
sxhjpj.com,6
www.761211.com,6
www.symyjlm.com,6
www.uchn.cn:8181,6
www.time-stoys.com,6
7777766.com,6
www.ynyhjz.com,6
nxhlx.com,6
1515mz.com,6
dianying.raycharlesinnovations.com,6
zald.cn,6
my-ulife.com,6
www.zhunmang.cn,6
zhuofanzg.com,6
jiangshan.kingbaze.com,6
29.seyoyo60.com,6
sxdama.com,6
ydhmw.com,6
xiaojiequ.com,6
www.njverygood.com,6
hebeichangheng.com,6
fdc.fuhai.cn,6
www.sophsell.com,6
www.xy13.com,6
www.xinsanzhi.cn,6
allbo.net,6
ditai123.com,6
12626.com,6
bbe44.com,6
www.97manhua.com,6
www.xcjby.com,6
sclydp.com,6
www.kvyx.cn,6
zhaofacai.com,6
ccxgyx.com,6
www.yiwuhuachen.com,6
kasc8d.cn,6
www.hdjmjy.com,6
clac08.com,6
79kk.com,6
www.beijingcrd.com,6
www.aslfz.com,6
yiniuqipai.com,6
hg880777.com,6
shunhecard.com,6
454104.com,6
3707w.com,6
www.baiduping.com,6
czsmile.cn,6
xarbbxg.com,6
ribenav.zroujian.com,6
www.ztcoffee.com,6
m.darentx.com,6
antfre.com,6
kellymarcom.com,6
tapugroup.com,6
download.vjlimousines.com,6
russian.coffeoffice.com,6
gzsyris.com,6
cc.ntsfdb.com,6
www.chaochunshuiji.net,6
bibang100.com,6
www.chikefushi.com,6
www.wdphb.com,6
time-stoys.com,6
www.crtcm.com,6
www.dw945.com,6
kcxydo.com,6
www.wood-link.com,6
aydd360.com,6
maps.jennandpawelblog.com,6
1462155071352.szmuzu.cn,6
uc767.com,6
lycc12.xyz,6
www.graceyingyu.com,6
www.22kp.com,6
www.qytgyg.com,6
www.tericummings.com,6
www.timberlandto.com,6
www.bbp69.com,6
www.laoao.com,6
www.123203.com,6
product.arrowheadcharities.com,6
zgsfqc.com,6
www.0523f.com,6
www.schaum-tec.com,6
qb01.com,6
1471134600294.szmuzu.cn,6
www.hrdown.com,6
gzjnhbgs.com,6
066e.com,6
www.layhg.com,6
w3sitesearch.com,6
sq9188.com,6
www.kytzbp.com,6
www.11199906.com,6
51neihan.com,6
sales.patiented4kids.com,6
duo-tf.com,6
fndan.com,6
www.jdazgc.com,6
www.blf5.com,6
www.shuangda-valve.com,6
1473984727555.szmuzu.cn,6
zhangye.banglachord.com,6
rmav.cn:9138,6
ycyqb.com,6
gcqf.com.cn,6
www.tarmacmusiconline.com,6
huzhuren.com,6
dmbjxs.com,6
www.i95club.com,6
liwei0201.com,6
ttqkfbw.com,6
hswfv.cn,6
aligo.08k5cn.cyou,6
hbang.com,6
www.xtbaijing.com,6
adresdom.com,6
www.yuwenjy.com,6
www.groupdown.com,6
m.out99.org,6
8dz31.xyz,6
caibuwu.com,6
kd555.com,6
baobei.wingsofafricanart.com,6
666364.com,6
tiantian6666.com,6
www.mylineageadena.com,6
www.zb66.com,6
0531welt.com,6
tahct.com,6
hunbkzn.com,6
ifengniu.cn,6
gayonlyfans.net,6
ribenav.xinjiangkm.com,6
szjndr.com,6
www.wg336.com,6
whdhyg.com,6
www.zgksoft.com,6
hkys168.com,6
www.rmt-nylon.com,6
hobovian.com,6
gdchuancheng.com,6
463388.com,6
www.jakm.cn:8181,6
health.luxured.com,6
1471839752428.szmuzu.cn,6
www.nilaolao.com,6
jdcyys.com,6
ethanlinphoto.com,6
carboloy-china.com,6
028hl.com,6
jskasiacreative.com,6
www.fdhtbio.com,6
wose.com,6
resource.vjuzhen.com,6
www.tom3829.com,6
33i44.com,6
taotaofan.com,6
www.030kb.com,6
gsqzyj.com,6
m.gzyljd.cn,6
8xm.com,6
zhengtaijx.com,6
guqianwang.com,6
www.xlh11.com,6
fabrikaupakovki.com,6
yscmp.com,6
juezhan0.com,6
sdk-api.ycdldd.com,6
138.igao57.com,6
95skx.com,6
rukou.fun,6
www.kingofdj.com,6
zznmmtja.laosepi6.top,6
jhfield.com,6
jcdyd.com,6
cckka.com,6
www.8888cg.com,6
www.fedexcn.com,6
www.4008802088.com,6
ax88.com,6
fzfmcy.com,6
www.emmanuelalba.com,6
55545p.com,6
www.weishankefanga4.com,6
www.chundianchina.com,6
0536vip.com,6
qlo.cn,6
62.co,6
jieyuanjucai.com,6
om668.com,6
www.www760444.com,6
tmuvx.com,6
5g.wuwutushu.com,6
www.038102.com,6
aw89.cc,6
www.shbigger.com,6
whitenaildesigns.com,6
08hg.com,6
cipe-asia.com,6
m.cwb58.net,6
ganju.bushenbbs.com,6
newyork.loangoeasy.com,6
enrz.cn,6
sshtmy.com,6
www.3707w.com,6
5234re.com,6
henglit.com,6
yip-yap.com,6
678xy.com,6
www.34568n.com,6
www.hh97.com,6
yecp.com,6
21.xxdd56.cc,6
wgzweb.com,6
nxkjcg.com,6
zjmaxecu.com,6
www.lmgg88.com,6
bkke.com,6
jjdyb.com,6
19155.cc,6
www.xxa60.com,6
cao.i1024.pw,6
www.ciscosafe.com,6
rank.chinaz.comwww.czwyxcl.com,6
fa339.com,6
315zixun.com,6
bxzzc.com,6
2238saohu.com,6
www.shenxi88.com,6
www.df829.com,6
www.9993333.com,6
yunyouyangzhi.cn,6
hnvcomics.com,6
www.cslcbj.com,6
61886.com,6
m.laihuoke.com,6
verymars.com,6
www.bbteq.com,6
45cai.com,6
group-yy.com,6
www.99366js.com,6
www.95skx.com,6
yw4xk3vwh6u0z21x07czs.com,6
www.lazxsf.com,6
www.bestcartierwatch.com,6
zhongwei.castawayswimming.com,6
www.fb60.com,6
www.lvshou97.com,6
www.dmm0099.com,6
ch3s.com,6
wydkzx.com,6
www.aqd226.com,6
www.456bb.com,6
www.amanni3.com,6
ribenav.epscomment.com,6
rbrrxwb5a8hgmaze.laosep55.top,6
www.c3d365.com,6
hbjctyy.com,6
www.bklyjx.com,6
www.168hc.com,6
dqzz-f.com,6
wb1234.com,6
www.hnhxsyxx.com,6
www.lu.net,6
gelinguoxinic.com,6
zjruoheng.cn,6
92.seyoyo54.com:443,6
wangzhan.coinbbrawl.com,6
chenwupeng.com,6
yiweier34.com,6
cangzhouguangda.com,6
m.qqqaq.com,6
yinianxiaoshuo.com,6
siping.sayok2017medipol.com,6
clcc2.com,6
gmhexin.com,6
29.seyoyo59.com,6
www.cliquefuse.com,6
tj-newway.com,6
www.hbmap.com.cn,6
www.dll-color.com,6
shannan.guimaraesenoronha.com,6
www.kl78.com,6
shijiemeitu.com,6
xycp2330.com,6
office.brunacardi.com,6
doctor.weizhuan-keji.com,6
www.baobaoketang.com,6
www.xujingwenhua.com,6
www.finespace.cn,6
thjchy.com,6
m.lorraine.cc,6
www.hrgtgy.com,6
xjvn.cn,6
www.dzsport.cn,6
yumenoai.com,6
www.ibige.com,6
www.668my.com,6
cliquefuse.com,6
226x.com,6
81.co,6
buscatetas.com,6
www.runqian0578.com,6
xhinakjxf.com,6
de96.com,6
www.mashangyouni.com,6
libangqiang.com,6
www.utjooutum.com,6
wfylove.com,6
tapiange.com,6
ictduhoc.com,6
fightai.com,6
www.czhceo.com,6
e-0779.cn,6
bodhireformpilates.com,6
handan.goodnewsmusicradio.com,6
www.dbwcx.com,6
www.rgxhyy.com,6
51mfxs.com,6
bzpvip.com,6
tom2668.com,6
www.14chungu.tech,6
137.seyoyo51.com,6
qingse.dy16688.com,6
shuimitao.com,6
hensonadmin.com,6
www.vpuzi.cn,6
hyyzs.com,6
www.wapshe.cn,6
www.b4theknot.com,6
k4y6jf.com,6
www.iwuiwo.com,6
guerillapromotions.com,6
www.tom1955.com,6
xinghui.mywapsales.com,6
yqjhyb.com,6
www.628686.com,6
188881.com,6
lydabaochi.com,6
pactofshadow.com,6
24.seyoyo60.com,6
www.klcaip.com,6
klis.cn,6
csyytc.com,6
www.seyuavfb12.com,6
deebxqdfxwrrrybh.laosep55.top,6
mingliu6.com,6
jsnjgs.com,6
www.yuhb.com,6
wen-jiliang.www.xsjx.com,6
scolation.com,6
tzt.0lunwen.com,6
kenyatopreviews.com,6
bhygcx.com,6
www.i58vod.com,6
www.gdchuancheng.com,6
www.kjxny360.com,6
www.999www.com,6
www.gxfuyue99.com,6
tupian.dushiys.com,6
zutuba.com,6
k8k8.cn,6
www.bbtbzy.com,6
wuma.9zq9.com,6
www.piccyqkwj.com,6
www.u21.com,6
qhrjfqkadp.aotong.com,6
zhzhp.com,6
592372.com,6
jra7mn2dzp6exha5.laosep55.top,6
www.microwave-sensor.com,6
zgksoft.com,6
aqd226.com,6
ititm.com,6
www.jl-game.com,6
www.gz-lianji.com,6
hzhmk.com,6
my12315.com,6
www.junln.com,6
www.52ucba.com,6
3ftleft.com,6
shipin.8m188.com,6
ynxinhang.com,6
qx666.com,6
www.567z.com,6
55736.com,6
ejdpf.com,6
games95.com,6
www.hzxc.com,6
www.maitian365.com,6
mjmojiegou.com,6
www.buymeaho.com,6
1595.cc,6
k998.com,6
www.cqszlxh.com,6
xingzuojiaoyu.com,6
huo5.com,6
www.huoshanfengdou.org,6
maoshenggroup.cn,6
lslxxcl.com,6
www.taoh2289.com,6
www.cdxzks.com,6
hfjwbj.com,6
www.baidux.com,6
www.cdytpack.com,6
www.31jun.com,6
soskh.com,6
h444.cc,6
www.abadi-taps.com,6
gxdzspme.com,6
www.awebdirectories.com,6
www.shhcchem.com,6
guoguo9998.com,6
www.ssj-china.com,6
www.fnsgcs.com,6
m.kangkerui.com,6
www.fhzhy.com,6
www.nai88.com,6
rtqqyfdsj.com,6
codexsr.com,6
www.btepw.com,6
dsezw.com,6
nxjinlan.com,6
zjjxxcw.cn,6
www.zgynwb.com,6
taogubaa.com,6
xggbuy.com,6
xuantaocn.com,6
www.yl994.com,6
www.ynjssc.com,6
www.jnjiashun.com,6
71189.com,6
www.kiusw.top,6
tom5156.com,6
www.wxjmt.com,6
mkhec.com,6
www.gzsyris.com,6
cszssy.com,6
chengren.zhonghengkm.com,6
nwtufduwubemjn.jinao.com,6
lixianlvzhou.com,6
xingyang.gabrieloyola.com,6
www.ailiaotv.com,6
1rrr.com,6
www.ap.co,6
xfdmao.com,6
xiaopingo.com,6
xiushan.com,6
110xx.com,6
rihc.cn,6
www.4shopify.com,6
etage4.com,6
guangdong.watersatwestchase.com,6
6-222.com,6
www.yooode.com,6
toukajiang.com,6
njlbms.com,6
xinhongweibo.com,6
yichucable.com,6
gallery1227.com,6
dzpwcc.com,6
xaszzm.com,6
www.tenhwa.com,6
chinasemester.com,6
www.ihomething.com,6
ck234.com,6
www.zanthiahastings.com,6
www.txctl.com,6
www.vvvuv.com,6
rb78.com,6
www.15014000848.com,6
www.cabcer.com,6
tzyxxb.com,6
shoujiangzn.com,6
www.ejdpf.com,6
www.asp17.app,6
czattcn.com,6
bqyr.com,6
www.lekuyl.com,6
m.lejianweiyu.com,6
14.xxdd56.cc,6
1050606.com,6
www.hndfyc.com,6
www.gzjxjhhb.com,6
hiiyu.cn,6
zzcddzs.com,6
888181.com,6
www.lanyankeji.net,6
kor33.com,6
0371lnsjf.com,6
www.df1552.com,6
histoire2coeurs.com,6
taisuis.com,6
www.mp5555.com,6
b89.cc,6
2020slim.com,6
1468385043229.szmuzu.cn,6
w7rhfmdf.laosepi6.top,6
www.kaze-dc.com,6
5aweishi.com,6
jsjxqg.com,6
1454691079187.szmuzu.cn,6
baggiosnj.com,6
www.downwj.com,6
xiakefz.com,6
www.tenxxdw.com,6
kjt.com.cn,6
syriais.com,6
eoodou.com,6
www.jutuapp.com,6
www.56fzl.com,6
jslesj.com,6
wenchanghr.com,7
csjrcrs.com,7
dgszp.com,7
yhjob.com,7
ckkm.cn,7
akey.me,7
sofcg.com,7
hj557.net,7
yb996.me,8
app.zxapp.vip,8
hyc8833.com,8
66562168.com,8
yuchunmiaomu.com,8
ht5675.com,8
5261.vip,8
www.lq673.com,8
6485xpj.com,8
cimnsh7-wdl.iuacywc8rq.com,8
yb95675.com,8
1vkiy.xyz,8
h5.47s7kc3d.top,8
qf2679.com,8
86605d.com,8
w685639k.com,8
sdfg.rtyert.xyz,8
m.huangdu999.com,8
www.tbtmaomsb.com,8
wwkq136.com,8
ja1t5.xyz,8
817zbc.com,8
m.jinniant66.com:6766,8
ht5671.com,8
wjy4.momakaifa.cc,8
qf2691.com,8
m.ya8880.com:3110,8
szfwcy.com,8
h5.ajvtjvo3.top,8
www.7c7711.com,8
bf39825.com,8
m1.ax930.com,8
www.yb95676.com,8
www.ht5674.com,8
meihaoshenghuo349.com,8
www.hb5671.com,8
ju0tw.com,8
htx83.com,8
8757956.com,8
fxshopeess.com,8
www.zcr298.com,8
fcw9992.com,8
douxi28.com,8
m.f17902.com,8
www.dxy8866.com,8
1ds.life,8
hwmeihaosh52.com,8
www.7c5672.com,8
hlru75k.sapuntj.cn,8
www.ys8888.at,8
lm9986.com,8
77100i.cc,8
lq562.com,8
xiao.g93snl.xyz,8
qf2663.com,8
qf2665.com,8
qq89239.com,8
dyj688888.com,8
wy839681h.com,8
vrshgj99a.com,8
hb5675.com,8
dxy8888.com,8
8593055.com,8
22828.cc,8
y2926.com,8
hyc05.vip,8
hb7711.com,8
m.214lllxxx888app20221209005.cc,8
x6m5o5c.0167c6nk6b3wa3.com,8
u.songxiaojun.xyz,8
meihaoshenghuo342.com,8
m.suklaa.xyz,8
7c5671.com,8
hfybd147.cc,8
cs7234.vip,8
58c123.com,8
xeoyarivmxzfv.cc,8
www.xhjy1688.com,8
2cflr.com,8
www.ht1611.com,8
xy66g.com,8
www.wnssrobet.com,8
w11210.com,8
www.7c1711.com,8
hyguoji0168.top,8
ahwg5.xyz,8
www.yb95671.com,8
j57345.com,8
ys68888.com,8
www.cs8321.vip,8
m.tjkf82.vip,8
as.yb008.top,8
2qzk1.com,8
zhaos97.cc,8
553377.top,8
topmd.fghtyerd.xyz,8
2hk-ths.com,8
www.9981133.com,8
m.utrpxmespksxc.com,8
www.fxshopeess.com,8
95la44.com,8
y11210.com,8
lm9881.com,8
www.hb5673.com,8
app.vqmaed.com,8
91888vip.com,8
66666dddd.cc,8
www.ys66688.com,8
332859.com,8
www.ht5671.com,8
ys86666.com,8
ys16333.com,8
ylwbb.com,8
harbt.wiulzblock.xyz,8
www.ht5672.com,8
gfgj103.com,8
496tp.com,8
nrfqxlgx.buzz,8
lgxj77.com,8
hb1911.com,8
tfg137.com,8
bbs.suklaa.xyz,8
m.67ylbb2022121309.cc,8
7c7722.com,8
hb5673.com,8
hb1711.com,8
qq89230.com,8
aff.iqg13al.98app.in,8
747p.me,8
m.1346666.top,8
82933lk.com,8
m.cvpenql.com,8
hwmeihaosh78.com,8
ht5672.com,8
tuo.pore3.com,8
cshi082.com,8
hsona.beinscause.xyz,8
9498.cc,8
lgapp11.com,8
lvs3.com,8
m.gycp6739.vip:7863,8
lq674.com,8
yb368.me,8
hx042366.com,8
8568567.com,8
erw795.com,8
hb1611.com,8
6697796.com,8
ii30883.com,8
m.ya8880.com:3566,8
m.95cp999.com:3412,8
m.ya8880.com:3116,8
8296074351-aa.qdk63ayw8g.com,8
www.hb1811.com,8
ml.czg115.com,8
dyj66888.com,8
www.hb5675.com,8
www.miyueshop.top,8
www.hb5674.com,8
www.ii11210.com,8
eojk257.com,8
w685636e.com,8
m.tah999.com,8
www.ht5673.com,8
7c5674.com,8
www.wwkq135.com,8
dfp00.com,8
teb.kamvic.net,8
cs8123.vip,8
mqvhw.com,8
xklm666.com,8
8xzmb.xyz,8
yescloudtree.com,8
m.513291.net,8
533129.com,8
tmstore7621.com,8
11210x.com,8
m.sd1-vip.vip,8
noksg.wogheuvnalfgrgihhkl.com,8
6258793.com,8
www.hb5672.com,8
horse6666.me,8
nctrh.xcvbxcvb.shop,8
hhh9987rfmmxx.digqqsd.cn,8
lgcp19.com,8
www.hb1911.com,8
knsh33.com,8
gthfgfhu247.vip,8
44666a.com,8
www.ht7722.com,8
5082.vip,8
lq673.com,8
0167a2j5n2.922466.com,8
yt36.vip,8
lgxt10.com,8
51585333.com,8
wnsqhe.com,8
h5.0ih7hdxu.top,8
oa.zjmy888.com,8
lq675.com,8
flcp897.com,8
www.7c7722.com,8
m.hmbvnxedsczcxvgfhgf.com,8
7c5675.com,8
m.ac9.org,8
73536b.com,8
www.ys68888.com,8
www.vgokvjk-z.com,8
hj5e56kl8.zc83ux7j5jibuhlz4.top,8
6kj2q.xyz,8
4876.xyz,8
m.fh8966.com,8
www.7c5675.com,8
watxxokiga.com,8
68asv.xyz,8
onlinedg.live,8
klc1258.cc,8
www.jsjt-chn.com,8
qq89231.com,8
m.ac9.org:16080,8
timi01.bet,8
fvs1pt07.life,8
lan900.com,8
meihaoshenghuo312.com,8
lgtrwz04.com,8
7c1611.com,8
xlm6636.com,8
ma.iukex.com,8
www.hb1511.com,8
8885059.com,8
yb95674.com,8
vip.gzqh479.top,8
xa9hxal.jyapp.in,8
84219.net,8
wlvx.87n1qx.site,8
m.gycp6739.vip,8
bs636.cc,8
vip.gzqh751.top,8
cscp.cc,8
coy.4tong1da.cn,8
ieelsxxybpcvj.cc,8
shanxinjimin.live,8
88707g.com,8
app.cms980.top,8
www.erw795.com,8
dacx767.com,8
www.xy119.org.cn,8
ya8880.com,8
h5.43mwylfy.top,8
uzawrlqhmlndn.com,8
ml.2022hy99.com,8
76632.com,8
vs7l0.xyz,8
h5.05a3286.com,8
36333666.com,8
pz05w.xyz,8
77100v.cc,8
www.hb1711.com,8
yb95676.com,8
hb1811.com,8
c3653388.com,8
66788y.com,8
tfcpwz02.com,8
ya015.com,8
flcp989.com,8
tf951.com,8
amr.xinyaoteyao.com,8
lgtnwz08.com,8
dxy61611.com,8
daikuan2.yszysz.com:88,8
ht7711.com,8
66976sdo.com,8
xxxy33.com,8
lecai56.com,8
qf2669.com,8
ht5674.com,8
www.jj1801.com,8
meihaoshenghuo27.com,8
156.235.194.58,8
m.ya8880.com,8
m.214lx8eb2022121330.cc,8
120x63.com,8
dxy8866.com,8
00ds.me,8
m.gycp6739.vip:8295,8
hyc8800.com,8
fcvbh3432.com,8
www.aofppr.xyz,8
h5.jp32l78c.top,8
9229335.com,8
letztes33.me,8
hb5674.com,8
105319.com,8
365sf50.cc,8
xgfsghzkooxn.com,8
m.ya8880.com:5569,8
m1.ax10c.com,8
dclny5626.vip,8
www.332859.com,8
qf86317.com,8
wtshgj00ui.com,8
east687.com,8
311210.com,8
tsj00.vip,8
939966d.com,8
ax10mt.ax176.com,8
7c1711.com,8
www.xpe281.com,8
hb5672.com,8
czg953.com,8
611210.com,8
ht7722.com,8
524229.com,8
m.app88hf3.com,8
www.1117910.com,8
ht5673.com,8
x.ooquaex.xyz,8
yf1111.cc,8
h5.wwbbwwbb.com,8
m.43433f.com,8
844yhh.com,8
ay655.com,8
893019.com,8
gyj425d.qpmxxiv.cn,8
m.88hf1.com,8
www.ht7711.com,8
canke.com,8
flcpvip.cc,8
dcw121.cc,8
cxztwdaoko.com,8
www.hx451627.com,8
m.zhgj3636.net:9016,8
2023a.shop,8
www.58c888.com,8
226ypi.com,8
hyc8838.com,8
xycp35721.com,8
www.hb1611.com,8
hopne.xyz,8
78578888.com,8
xn--h3t09la110r.com,8
qcvusynnyombr.net,8
xk789011a.com,8
pgx783.com,8
73307tg8888.com,8
zcr298.com,8
dxy6668.com,8
m.214lx8ba2022121308.cc,8
cs7345.vip,8
www.7c1611.com,8
www.xn--n7qq4kgrz1hgtn6bbqa.com,8
m2.ax10a.com,8
m.jj1808.com,8
www.7c1811.com,8
11210pp.com,8
gac888.com,8
m.shaecui.xyz,8
www.zhaos97.cc,8
app.121112.org,8
48s3q.xyz,8
fixx42k.yqnfywx.cn,8
fh352.com,8
95cp999.com,8
meihaoshenghuo326.com,8
www.cavip655.com,9
weiminshengqian.com,9
218009.com,9
www669925.com,9
6298vip6.com,9
www.yh86b.com,9
hcp187.com,9
www.255530f.com,9
1237app.com,9
www.15517.com,9
090cz.com,9
97828u.com,9
213564.com,9
affnoads.dsn2pcapp03.com,9
zb8800.com,9
199893.com,9
www.yinith.com,9
aapp.gjbnjy.com,9
459044.com,9
am181.74035.vip,9
9148app.36fw.us,9
jgj688.com,9
yuanmendong.cn,9
www-41668.cc,9
www.988733.com,9
everok-suzhou.com,9
www.1686068.com,9
cc810.com,9
hmdfgdf.xyz,9
1322505.com,9
hlongs.com,9
hg99266.com,9
www.51212i.com,9
7524cc.com,9
ccc.953144.com,9
sy679.net,9
cc985.com,9
hk041.007730.vip,9
10667m.com,9
bee-poker.com,9
www.d5p7h1l6.com,9
bbo778.com,9
ai02qunfw4g.d66039.com,9
yl1100.com,9
2013dian.com,9
www.zcjd168.com,9
www.4766o.com,9
lt85yat.com,9
www.s4w5f8s6.com,9
12345k.com,9
www.mx00002.com,9
www.477848.com,9
955151q.com,9
cacg22.com,9
y6yry.xyz,9
m.76mxapp.com,9
118101.com,9
www.61888388.com,9
hb05533.com,9
939966f.com,9
3199731.com,9
www.yzlhb66.com,9
www656658.com,9
fb889955.com,9
31445a.com,9
635858a.com,9
dh98126.com,9
281399.cc,9
paimaijz.com,9
www.9b268.com,9
0118vip.com,9
561010y.com,9
hk040.444867.vip,9
100gps.com,9
cacg148.com,9
189644.com,9
www.18576001656.com,9
www.hqajz.com,9
ofertaanunciada.com,9
www-652616.com,9
ky2220.com,9
am182.213244.com,9
101829.com,9
6117yh.com,9
klcinsaat.com,9
65695h4.com,9
bbs4.80076602.com,9
www.024haohan.com,9
38033a9.com,9
15811c.com,9
huangli9955.com,9
www.fx184.com,9
9b733.com,9
www.2280028.com,9
www.59554.com,9
www899235.com,9
9659cc.com,9
am179.970191.com,9
js7288.com,9
www.9553355.com,9
723114.com,9
9553355.com,9
dongxiaotian.com,9
www.agca166.com,9
vns88dh.com,9
www.yabo36.com,9
am220630.300433.top,9
9659bb.com,9
l52858.com,9
13866i.com,9
7299l7.com,9
gr0mtkxf.vip,9
ybb.swhgwn.com,9
78795zu.com,9
www.cc8359.com,9
22595c.com,9
www.mgm9730.com,9
h56658.com,9
120166.com,9
9871023.com,9
jbd5.com,9
guodahuanwei.com,9
yishu321.com,9
www.hn1865.com,9
c04666.com,9
www.hnlvsuo.com,9
www.xzlsyl.com,9
og3ksl07.vip,9
hk040.42771.vip,9
qgyl8855.com,9
www.8956kj7.com,9
aaaaqya.wxs1860p.com,9
45.192.225.115,9
app.wolong77.com,9
www.kdh345.me,9
1669yy.com,9
www.unimeta.cn,9
www.bbo778.com,9
67456i.com,9
www.asdww402.com,9
www.yunnanhjjs.com,9
www.xiyanxiyan.com,9
www.771440.com,9
975796.com,9
www266211.com,9
zoz11.com,9
www.831010b.com,9
www.58001d.com:8899,9
www.hj7771.com,9
fun3889.com,9
uo888.com,9
sxrhcgw.com,9
255530f.com,9
kdh380.me,9
9562616.com,9
333338w.vip,9
5656524.com,9
c96633aa.com,9
www993370.com,9
www.toucai66t.com,9
11210kk.com,9
pcxlib.com,9
www.22505f.com,9
sss1.70222703.com,9
am183.74281.vip,9
www.76949.com,9
9b268.com,9
zexinbusiness.com,9
f8d1xrsz.com,9
www.fhn988.com,9
61653hd.com,9
am179.296944.com,9
33711xcc.com,9
3322ok.com,9
www.ttc0099.com,9
566818e.com,9
www.alfaminas.com,9
9315v.com,9
yabo36.com,9
www.333518a.com,9
www.ylwz03.com,9
32808l.com,9
www.zhonghualed.com,9
guideamour.com,9
www.99011.com,9
www.app3868.cc,9
05880.xyz,9
www.402efefgg.com,9
52v27.com,9
am180.213467.com,9
cnhaiweihong.com,9
j67699.com,9
088169.com,9
www.bsb880.com,9
013kj.com,9
cc0558.com,9
51212i.com,9
hk041.530044.vip,9
cc8597.com,9
ky5885.com,9
www.cpwz3600.com,9
m23481.com,9
6767202.com,9
am179.286144.vip,9
aksra.com,9
h276tyc.com,9
am176.725122.vip,9
k11196.com,9
dh88126.com,9
weide2.com,9
www.yb5500.com,9
xiaoya175.com,9
www.812477.com,9
0001my.com,9
4897698.com,9
www.1701yabo.com,9
77348yyerfesd.com,9
www.bifa830.com,9
47858.com,9
www.bbxzce.com,9
www752299.com,9
7672001.com,9
www-001999.com,9
www.228168d.com,9
50toutou.com,9
2113556.com,9
36169t.com,9
www.626205.com,9
www.zb660.com,9
chromeyuming88.xyz,9
2m2m.cc,9
vip333.so,9
camt222.com,9
75591c.com,9
lawyerllj.com,10
weimao-nail.cn,10
www.newsqiche.cn,10
www.ydguancai.com,10
www.ldwqhlg.com,10
www.fang18.com,10
www.saifutong.net,10
www.ptggy.com,10
m.bjlawlctz.com,10
b.jlr2022.com,10
www.yhls988.com,10
345d.cn,10
www.qicaiyouxuan.com,10
www.xingshizhuanjia.com,10
www.hzzylihun.com,10
dgyues.com,10
www.ybcqls.com,10
www.fx9q.com ,10
m.kameng.com ,10
www.zhudaitong.net ,10
0571jiekuan.com ,10
www.gancuidai.com ,10
www.huanhuabei.com ,10
91rate.com ,10
www.1chedai.cn ,10
www.kuaiqianshua.com ,10
taiyuanzt.com ,10
www.zzzhu.net ,10
d.kanong.com ,10
xc-fc.com ,10
www.eeeok.com ,10
www.yueedai.com ,10
pengtuo.net ,10
www.utzrp.cn ,10
www.tongdudai.com ,10
www.zlmay.cn ,10
rydt.189m.com ,10
m.bixiaxiaodai.com ,10
newdirectionsfinance.com.au ,10
www.rsdqn.cn ,10
fuliai.cn ,10
rights.ncxcwl.com:48080 ,10
www.whzhongyang.com ,10
m.zjrscw.cn ,10
qmm.zx080.com ,10
www.xmxm2.com ,10
forex618.com ,10
5880b.tw ,10
www.ahsyxl.com ,10
status.ynytgs.com ,10
cn.netxgroup.com ,10
m.urainf.com ,10
qysdfw.com ,10
m.jiashengtj.cn ,10
www.51yingxiang.cn ,10
www.mlnvren.net ,10
qssqs.com ,10
91kl.net ,10
pinetworkmine.com ,10
www.wenholee.org ,10
www.fieldfinance.com ,10
www.car-bank.com.tw ,10
www.langtuyan.com ,10
www.male-sexual-styles.com ,10
changsha.bangrong.com ,10
new.ynytgs.com ,10
www.yongangangping.cn ,10
ifmchain.com ,10
www.chinahisin.com ,10
gupw.cn ,10
ntrxr.nttrend.cn ,10
www.mengdaiwei.com ,10
www.qikesoft.cn ,10
4tp.onlinehoken.com ,10
acceptrpk.onlinehoken.com ,10
lingyong999.com ,10
jinxiangwuliu.com ,10
edxiu.com ,10
ccznyq.com ,10
www.neiguizai.cn ,10
www.zukankun.com ,10
lsmhtm.cn ,10
eth.gopool.net ,10
hnsindafone.com ,10
nubymall.com ,10
www.wanmeiyichu.com ,10
6x.cifairport.com ,10
www.yicye.com ,10
www.alcgpos.com ,10
xn--vuqu01awvdl69c.com ,10
www.chinesehack.org ,10
www.ai-ss.cn ,10
www.guseng.com.cn ,10
www.jjwxq.com ,10
www.hianfang.com ,10
bitcoin.hk ,10
annxinloan.com ,10
www.btege.com ,10
caizhiw.com ,10
token123.top ,10
807587.com ,10
www.wtrong.com ,10
www.hljqds.com ,10
www.sxgcbp.com ,10
www.whfly.net ,10
theworldblock.com ,10
lhninxiao.com ,10
afraid.ht-consultancy-trading.com ,10
qitianyoudai.net ,10
0uw.araxpage.com ,10
njdk.shop.ksfang.net ,10
www.300dk.com ,10
www.fankuninc.com ,10
wanzp.com ,10
www.eeew.cn ,10
www.plasnews.com ,10
www.dayangmaozhijia.com ,10
www.longyublg666.com ,10
9999.airland.vip ,10
www.jimeisheji.cn ,10
m.qianyungf.com ,10
www.jxzisha.cn ,10
oaogo.com ,10
m.simmytang.com ,10
classcroute-st-nazaire.com ,10
anmintuliao.com ,10
www.hao018.com ,10
www.btgt.cn ,10
zqb178.com ,10
www.jsgjit.com ,10
yarczp.com ,10
www.qklzg.com ,10
top.jobbole.com ,10
111.59.113.66 ,10
shjiruicc.com ,10
lianghuab.com ,10
hncoop.net ,10
www.lscfd.net ,10
www.zhedianhen.cn ,10
www.tzylczy.net ,10
www.theprogressproject.com ,10
www.0797fang.com ,10
weixincn168.com ,10
www.hbouyifrp.com ,10
www.spzxzs.com ,10
www.28jkw.com ,10
cs.ssl2018.cc ,10
ccb.me ,10
m.xiandream.com ,10
022nz.cn ,10
www.fof-mom.com ,10
www.bigowang.cn ,10
viatus.net ,10
www.wysdw.com ,10
www.hongdaxieji.com ,10
fx678.org ,10
www.krlan.com ,10
wjdk999.com ,10
news7482.yghtpe.cn ,10
ex.hurongsoft.com ,10
www.hw-sd.cn ,10
www.414ebhk.com ,10
www.ysjqkl.com ,10
sghhfs.com ,10
www.ava-asia.cn ,10
47.98.142.150:3028 ,10
47.98.142.150:4028 ,10
sh-ruchen.com ,10
italygood.cn ,10
www.hyzrx.com ,10
www.ahxrzx.com ,10
www.jrzw.net ,10
www.itaobar.com ,10
www.kimbaby.net ,10
m.itmck.com ,10
kcdit.com ,10
www.gaokeshangmao.com ,10
www.809030.com ,10
9gos.com ,10
hi19.cn ,10
h5.sxjh2022.com ,10
beauty.731fatloss.com ,10
www.binanzc.com ,10
lekangcn.com ,10
fund.yslc8.com ,10
www.chuanhengtai.com ,10
zi.massagemarina.com ,10
www.wfjydl.com ,10
www.tony-carter.com ,10
www.kmsdzs.com ,10
6756073.com ,10
m.zrxhmall.com ,10
qkl.meta988.cn ,10
www.comicbar.com.cn ,10
www.to2nzlu.cn ,10
veniagymsports.com ,10
www.scor-es.com ,10
purchase.shangdubook.com ,10
music.91soso.net ,10
www.caifuu.cn ,10
royalqautobot.com ,10
m.jiasheng-sec.com ,10
chaogushou.cn ,10
www.cstbwd.com ,10
www.zhenghaoedu.net ,10
matols.com ,10
m.13666606868.com ,10
www.acetop-group.com ,10
zyangbio.com ,10
www.tz0512.com ,10
www.xianrenqian.cn ,10
fchedai.cn ,10
yanni.org.cn ,10
njzsrlzy.cn ,10
www.celuehome.com ,10
www.yyjq4n.cn ,10
cn.plotioglobal.com.tw ,10
www.npf.hk ,10
wrb.cxhl365.cn ,10
fangyindai.com ,10
simumgc.com ,10
www.itkylin.com ,10
mt5.yhtz.cc ,10
www.jituiyun.com ,10
yinchun.willniu.com.cn ,10
www.cnzmz.com ,10
www.jiancongbi.cn ,10
www.mingyuanym.com ,10
www.cjzxxw.com ,10
www.miaohuashen.com ,10
kmarsm.cn ,10
www.6aka7.cn ,10
www.itqtesting.com ,10
gzgqs.com ,10
cj.818379.cn ,10
easymarketcn.com ,10
uz.wixxt.com ,10
www.jiasheng-markets.com ,10
www.hebeihsjszp.com ,10
chedi300.com ,10
xc.xcacn.store ,10
www.fxcsgw.com ,10
qihuo.baizejihua.com ,10
chezhi.shop.ksfang.net ,10
jinrongzhishi.com ,10
liubu.ncmicro.com ,10
sdliangjiajiazheng.com ,10
jyxy.net ,10
www.btdcoin.net ,10
lhkfdk.cn ,10
dai.gcsgz.com ,10
neopet.tw ,10
gddaikuan.cn ,10
cddkkk.udzk.com ,10
www.nyykj.com ,10
yangjingroup.com ,10
fy678.cn ,10
www.fhbaite.com ,10
www.ng5.com.cn ,10
www.kujaku-gallery.com ,10
cash-come-h5-v.lalafin.net ,10
www.zngm.com ,10
zfxmarkets.com ,10
www.hellobinance.com ,10
yong1.cn ,10
yanggou.eventsphenomenal.com ,10
cnjcy.com ,10
www.agpzy.com ,10
jyshxyk.com ,10
www.xbdai.com ,10
www.sszyz.net ,10
llteam.cn ,10
hanling9.com ,10
www.bjkfsw.com ,10
zgtrz.com ,10
www.hrbxfdk.com ,10
ahmlcw.com ,10
zhibicj.com ,10
qhfy.com ,10
qfqihuo.com ,10
daikuan.jsq886.com ,10
p95.w33.com.tw ,10
www.flipflopbob.com ,10
dsadasw.com ,10
www.szgjrobot.com ,10
www.bt100.net ,10
nbstgyl.com ,10
www.hitsattitude.com ,10
www.icmarketsnews.com ,10
stage-image.bitkan.net ,10
umteas.com ,10
bjwater.org.cn ,10
www.1wenhua.cn ,10
www.tiqianhuandai.cc ,10
www.kabesweety.com ,10
m.sz50qiquan.com ,10
www.2anklet.com ,10
cn.piprebates.com ,10
gpkx.net ,10
www.lingchuangdichan.com ,10
www.jiashengbye.com ,10
kuxuewx.com ,10
www.drupalren.com ,10
xinyongjiance.com ,10
goche.ksva.com.tw ,10
huisenjinrong.com ,10
transera.org ,10
xmulife.cn ,10
theranosshares.com ,10
wzry.io ,10
intlwf.com ,10
cdmetered.com ,10
au365.cn ,10
m.sdmtkg.com ,10
www.lhlm9.com ,10
lcfood.cn ,10
app.dndac.cn ,10
2901778.com.tw ,10
3p.assogesta.com ,10
www.chinaetfs.cn ,10
ngceq.cn ,10
ctbang.cn ,10
100ex.rhgrh.com ,10
yskangsheng.com ,10
m.pzmenhu.com ,10
www.ttbweb.com ,10
m.lcsshxc.com ,10
www.zhongshenggroup.cn ,10
toe.magisit.com ,10
www.ppcexam.com ,10
bomin-cd.com ,10
www.moneywang.com ,10
beichengdai.net ,10
jq.tw-100.com ,10
g18.tw ,10
cleverace.com ,10
www.lancin.com.tw ,10
www.lvlvl.com ,10
www.maugold.com ,10
fxchs.com ,10
dong-fong.com ,10
www.vccbus.com ,10
0735d.cn ,10
suzhou.willniu.com.cn ,10
www.51duide.com ,10
www.xxjb.com ,10
www--xnb--la--6c9c8b8pd.3pco.ourwebpicvip.com ,10
www.btcctc.com ,10
buxiugangwang.cc ,10
findmoney.com.tw ,10
manxinet.com ,10
tacf.com.cn ,10
t2m.guessonmedia.com ,10
www.hanfax.com ,10
www.tdpxw.com ,10
www.telinwx.com ,10
h5.lanjingfenqi.cn ,10
www.xmstp.com ,10
www.miuzone.com ,10
explorer.wankenet.cn ,10
acp.esyp.com.tw ,10
meinvhui88.com ,10
xn--nwq25eush73e.com ,10
www.rzyhls.com ,10
card.kashenji.com ,10
chishui.ynytgs.com ,10
www.edai51.com ,10
cgpay.ch ,10
www.buyiwa.com ,10
www.guhome.com ,10
483.ilimaflowers.com ,10
m.zyhjrpt.com ,10
94xxyy.com ,10
www.egolfedu.com ,10
dahuimarket.com ,10
m.scjzzx.cn ,10
www.xwcyw.com ,10
077805555.com ,10
shengdajinrong.com ,10
app.yite8.com ,10
46236--shop--qd8--com--cn--86c28a8pd.3pco.ourwebpicvip.com ,10
dg-mly.com ,10
tokenairdrop.cn ,10
phsn360.com ,10
fqp.hnhykljhqk.com ,10
dongwuqhsh.com ,10
hk80.cc ,10
www.dzbz.org ,10
gp26.cf69.com.cn ,10
m--51credit--com--2237e38pd.3pco.ourwebpicvip.com ,10
xmdhxyk.ec233.com ,10
test.ishangdai.com ,10
www.yizhenmoney.cn ,10
40675--shop--qd8--com--cn--279f658pd.3pco.ourwebpicvip.com ,10
9258--shop--qd8--com--cn--2346b68pd.3pco.ourwebpicvip.com ,10
www--miaogu--com--315d068pd.3pco.ourwebpicvip.com ,10
jhcdw.com ,10
www.bafangwuliu.com ,10
waihui.smesun.com ,10
m.btcbaike.com ,10
ndmicro.com ,10
www.lfqh.net ,10
zhudaipingtai.com ,10
www.sxfcdy.cn ,10
ttrenwu.com ,10
www.zarpoints.com ,10
caifu.dtb315.com ,10
rar405.xyppzx.com ,10
sg2vcnl.vcecj.com ,10
www.shxsc.com ,10
www.mingshiqu.cn ,10
szwliot.com ,10
www.gzhec.com ,10
m.himawari-japan.com ,10
www.wildpackaging.cn ,10
x9.wz3668.top ,10
qianchuanghui.cn ,10
m.qysdfw.com ,10
frccds.com ,10
admin.sudbs.com ,10
yuanshenghua.com ,10
longxin.meirenwangluo.com ,10
rrpool.org ,10
gzliushui.com ,10
www.thrivingone.cn ,10
dagemao.cn ,10
cqdkk.tuidk.com ,10
atsx.com.cn ,10
www.nneer.com ,10
ka.tuoshei.com ,10
newgenesiscap.com ,10
xahengsheng.com ,10
www.game0346.com ,10
kabul.ingeniumpd.com ,10
www.ldjyw.com ,10
rfgzn.com ,10
gupiaoz.cn ,10
m.yb520.net ,10
zjssgn.shouyeniu.com ,10
www.mt4download.cn ,10
www.jsjtmiao.cn ,10
hlzmw.com ,10
hf1188.com.cn ,10
www.fxeye.top ,10
www.baronessbbt.com ,10
jzyj.vip ,10
www.rxhxc.com ,10
mquote.ganggushe.com ,10
mngzrj.com ,10
www.518fc.cn ,10
cqduanji.com ,10
huangjin58.com ,10
zoopooi.com ,10
m.senpuwang.com ,10
lyongbao.com ,10
gupiaojs.cn ,10
gdbanker.cn ,10
www.360tree.net ,10
www.ecobuilds.cc ,10
business.huanshoulv.com ,10
tantantang.cn ,10
ycjy.kuaijilm.com ,10
www.validba.net ,10
laikan.org ,10
baishiyidai.cn ,10
xmtya.com ,10
sn-token.com ,10
trn.cdnets.cyou ,10
wedochem.pchem.net ,10
fu36.com ,10
mdbdk.m.u.one108.com ,10
scyushun.com ,10
wk8.io ,10
www.zcmpw.cn ,10
trade.qb.bingo ,10
njublockchain.com ,10
www.lovtec.com.cn ,10
game.metrixfitness.com ,10
k58.disp.com.tw ,10
www.brygold.cn ,10
houjindai.com ,10
sjzsendi.cn ,10
cdchedai.udzk.com ,10
nash.wiki ,10
www.jssbdq.com ,10
www.wontop.com.tw ,10
www.bzlba.com ,10
wjw.ivacho.com ,10
www.saintgame.cn ,10
mh.1hj.cn ,10
s.lvshiwangzhan.com ,10
gxzcxy.com ,10
bailulx.com ,10
gjj666.ie-js.com ,10
www.huiketang.com ,10
finance.caifuzhijia8.com ,10
www.gpgsfx.com ,10
tishijie.com ,10
hzzkzx.com ,10
yulinw5x.runxier.com ,10
wxph21.com ,10
v5team.com ,10
nj.cdkuaidai.com ,10
snxtcj.com ,10
www.deficlub.io ,10
bibulll.com ,10
www.peerbill.com ,10
daikuanyugu.sdkdev.cn ,10
lqzhan.cn ,10
hbjpjzs.com ,10
sdghyt.com ,10
www.guaipiao.cn ,10
www.fijxur.cn ,10
jhfinance.net.au ,10
www.400fjpt.com ,10
cs.cdkuaidai.com ,10
www.dlcrest.com ,10
bitcoin7.cn ,10
www.ethfuture.net ,10
xy.sdcx9.com ,10
www.jsforex-market.com ,10
www.top10bit.com ,10
maitiannews.com ,10
www.038532222.com.tw ,10
gicl.com.hk ,10
www.mr8.cn ,10
www.jiejie888.com ,10
www.szfwdiya.cn ,10
79088.cc ,10
t156789.com ,10
nbhldq.com ,10
gbvip106.com ,10
66yi66cai1.xyz ,10
acfiel.com ,10
hy2.cqsbkj.cn ,10
www.gefbqx.cn ,10
m.scmidai.com ,10
m.shdaikuan.com ,10
m.geedai.com ,10
m.jiqianhua.com ,10
www.zzlhpw.com ,10
www.cs-cb.com ,10
www.xadcj.cn ,10
m.dggxdjz.com ,10
www.mvgw.cn ,10
www.yakeyi.com ,10
www.szqx888.com ,10
www.cqpengrui.com ,10
szdk.tuidk.com ,10
cdn.pluosi.com ,10
www.cscall.com ,10
m.lkqjc.com ,10
m.fanwen88.cn ,10
www.hznarong.cn ,10
jiameng.688zh.com ,10
m.fenqix.com ,10
withdraw.supplier.xilehui.life ,10
m.thrstc.com ,10
zhangzhou.yhdbh.com ,10
www.yixianrc.com ,10
xiaomifeng.xiaokayun.cn ,10
iawe.com ,10
b37.goldenunion-card.cn ,10
www.hrtier.com ,10
www.huidai168.com ,10
www.0570bank.com ,10
zumoo.gzwmfw.com ,10
www.talk518.com ,10
chan.greenplay.cn ,10
www.laba888.cn ,10
www.sjk315.com ,10
1631196504.117.136.66.61.52-xiao.com ,10
zf.cnklyjt.com ,10
kpps.gxmcjj.cn ,10
www.029fx.com ,10
1631196403.61.151.178.176.52-xiao.com ,10
www.cdhaojie.com ,10
www.gsph1.cn ,10
www.962900.com ,10
1630916957.123.151.77.91.52-xiao.com ,10
bbs.rsmoli.com ,10
upar.gxmcjj.cn ,10
dev-api-dfek9gaq.jiaxing.plus:39456 ,10
shm.siyuanren.com ,10
m.ytrzgs.com ,10
mj1c.gxmcjj.cn ,10
qqxixi.com ,10
chinam.bwrm88.cn ,10
www.kongjian.icu ,10
www.guiyangshicourt.com ,10
xianyuxiaoge.com ,10
www.qianqinjia.com ,10
www.awyp.com.tw ,10
www.taodbo.com ,10
facaizhu.org ,10
mtdc.top ,10
zhonghang.www.kameng.com ,10
p54.awyp.com.tw ,10
www.52iddai.com ,10
www.zsgurki.cn ,10
www.xinyanglvs.cn ,10
www.shenckj.cn ,10
bdtb.tv ,10
www.felotool.com ,10
www.zhjtyd.com ,10
www.haijiaowu.com ,10
www.51condos.com ,10
www.bjjjlssm.com ,10
www.ayadm.cn ,10
www.dk26.com ,10
www.hj369.com.cn ,10
122.14.233.87:8083 ,10
www.wxbsj.com ,10
benz86639933.com.tw ,10
www.206002.com ,10
29650651.com ,10
www.wangdai110.com ,10
m.lyyyqtq.com ,10
www.toption.com.cn ,10
m.nutexsafe.com ,10
www.188wkzf.com ,10
pos1866.com ,10
www.donk.com.tw ,10
www.daochengyading.net ,10
www.jzkjmr.com ,10
www.hrservices.com.cn ,10
www.fzczcp.cn ,10
www.thiram.com.tw ,10
jrdkpt.com ,10
www.dggdk.com ,10
www.tao.kameng.com ,10
m.51bestbank.cn ,10
www.jr-dk.cn ,10
www.yp-168.tw ,10
www.ttlxh.com ,10
www.ldall.com ,10
www.jsyshoushu.com ,10
www.zhifenghuanbao.com ,10
www.3qi3yt.cn ,10
waxinyong.com ,10
84danbao.com ,10
www.shhatdwl.com ,10
www.ksac.net ,10
www.dagemao.cn ,10
www.quzdk.com ,10
www.yingxiongmeng166.com ,10
huzdaikuan.com ,10
www.hcxy-pos.com ,10
yqzx.ismmgu.cn ,10
wzdkuan.com ,10
jyslgc.com ,10
www.nukon.cn ,10
nbysxd.com ,10
jinanjiedai.com ,10
www.metawmz.com ,10
www.nnblue.com ,10
www.mn552.com ,10
taodbo.com ,10
dk522.com ,10
liaoshen-bank.com ,10
vip.shennuofawu.com ,10
wangdai110.com ,10
www.yangyuezixun.com ,10
www.huotudai.com ,10
www.vk719.cn ,10
www.nbdkz.com ,10
www.huzdaikuan.com ,10
www.0571zhaiquan.com ,10
cvr.gztyls.com ,10
www.jinkongqianbaow.com ,10
shenckj.cn ,10
baoyingjia.cn ,10
ttvp.cn ,10
www.wx-wm.com ,10
huz.0514dk.com ,10
qysjt.cn ,10
www.21feng.net ,10
hzjyrongzi.com ,10
www.whzyjr.com ,10
www.appzhuanke.com ,10
www.kouzidaren.com ,10
www.ningbobangning.com ,10
bicbic.cn ,10
www.shanghaifreetradezone.cn ,10
nanjing.0514dk.com ,10
geeklove.top ,10
www.xieo.cn ,10
www.cn0713.com ,10
www.duomijianzhi.com ,10
muuky.com.cn ,10
www.szyy6868.com ,10
www.iximei.net ,10
fuqing.moyun321.com ,10
www.dgzcfsgc.com ,10
www.xiaodaikouzi.com ,10
www.njqcks.cn ,10
www.daikkuan.com ,10
www.ningbo7.com ,10
yantai.moyun321.com ,10
www.jxbnwd.com ,10
www.sdddpm.com ,10
www.1zr.com ,10
www.hnjr8.com ,10
www.jiangxicn.cn ,10
zhiaojiaoyi.com ,10
www.gzqcks.cn ,10
pinghu.moyun321.com ,10
www.gz-cn.com ,10
www.ywdkgs.com ,10
www.sfnews.sh.cn ,10
www.dbgjj.com ,10
www.ymfjg.com ,10
m.duomijr.com ,10
www.fengjishebei.net ,10
www.yunfu321.com ,10
m.cschuboshi.com ,10
zsgurki.cn ,10
zs.0514dk.com ,10
www.0574dk8.com ,10
qzqcdk.com ,10
www.wxincredits.com ,10
www.kzggzy.com ,10
www.caizz.cn ,10
ywdkgs.com ,10
szkongfang.com ,10
www.xingyao168a.com ,10
www.fz10086.com ,10
www.3acpj.com ,10
n4j2n6.nxqe.cn ,10
www.ruiandai.com ,10
www.bjkuamei.com ,10
www.cqsrkfdk.cn ,10
cschuboshi.com ,10
wx-wm.com ,10
0574dk8.com ,10
www.dghmybj.com ,10
www.zjkc120.com ,10
www.025toys.com ,10
www.guanguanjinfu.com,10
hbhd-energy.com,10
1zr.com,10
www.zhousdk.com,10
www.ydguancai.com,10
www.wbulong.cn,10
www.hzfangdai.com,10
lilvbiao.cn,10
www.lawyerllj.com,10
www.jisuchaxin.com,10
www.wxindata.com,10
baijiaxx.com,10
010guoqiaodianzi.com,10
www.ptggy.com,10
www.cordanleather.com,10
sms.luopengdz.cn,10
www.yhls988.com,10
www.filedisk.cn,10
www.dgyues.com,10
www.szkim.com,10
www.wxindata.com,10
m.c8yd.com,10
www.hzdaik.cn,10
www.easybank.com.tw,10
www.226168.com,10
www.pjclib.cn,10
gsct.gszbls.com,10
www.jijiacoins.com,10
fnsh.net,10
nblfly2.top,10
m.lyxwdx.org,10
112.15.232.43:8081,10
xkyq22.xykyql02.top,10
kmyz6.com,10
0574nbdk.com,10
www.ziyidai.com.cn,10
xyk01.gztyls.com,10
tu01.whcgr.cn,10
www.shzhiye.top,10
xkyq21.xykyql02.top,10
www.yesedm.com,10
www.scy1.cn,10
www.jnwebs.com,10
45.112.206.60:7714,10
xzcd90.571400yb.com,10
www.dadao2000.com,10
gxatm.com,10
www.dgdykf.cn,10
xiaoqixxcc1688.top,10
www.sxdak.com,10
www.zhongguomiaomu.com,10
www.chaxianren.com,10
xn--xhq9m896llui.me,10
www.csdxdcgs.com,10
xkyq23.xykyql02.top,10
www.saifutong.net,10
b.jlr2022.com,10
www.qicaiyouxuan.com,10
107.148.15.161:90,10
www.anyakouqiang.com,10
hzfd6.83bio-lzu.cn,10
www.6999jh.com,10
45.112.206.60:7727,10
m.bjlawlctz.com,10
ygjh.cccjy.top,10
www.hzzylihun.com,10
szqzgs.com,10
www.xhccpj.com,10
www.zjp8.com,10
345d.cn,10
www.ldwqhlg.com,10
weimao-nail.cn,10
www.clxls.com,10
112.15.232.43:8081,10
112.15.232.43:8081,10
www.ataw-art.com,10
19802.cn,10
xdsmpf.cn,10
ataw-art.com,10
libjs.haomoney.com,10
www.huifengsk.com,10
www.taiyuanzt.com,10
112.15.232.43:8081,10
www.xingshizhuanjia.com,10
9888tx.com,10
www.027alang.com,10
112.15.232.43:8081,10
jisuanfangdai.com,10
wjdkgs.cn,10
d.uv7.top,10
www.027alang.com,10
sx.0514dk.com,10
www.hengyidai.com,10
www.caizhiw.com,10
www.yhvideo.com,10
hxsell.cn,10
www.szsyd8.com,10
www.zjgqydk.cn,10
www.28jkw.com,10
zhousdk.com,10
szqcdydk.cn,10
shop.duipu.com,10
www.jaru190.com,10
www.nbpinde.com,10
112.15.232.43:8081,10
www.kouziwu.com,10
xqqb.cc,10
yumeitang.com.cn,10
www.85cxy.cn,10
quzdk.com,10
ydguancai.com,10
www.phzby.com,10
www.huzdk.com,10
hz.0514dk.com,10
www.gzqcks.cn,10
wz.0514dk.com,10
jiaxingyirong.com,10
www.jhdaikuan.cn,10
www.wancheng123.com,10
www.cffengmi.com,10
www.wjdkgs.cn,10
112.15.232.43:8081,10
11g81s.cn,10
www.faksdrd.cn,10
loankl.com,10
www.fzjjwbj.com,10
112.15.232.43:8081,10
www.geeklove.top,10
m.sudbs.com,10
yanbian.moyun321.com,10
www.taizhouchedai.com,10
ls.0514dk.com,10
jhdaikuan.cn,10
www.hangzhoutaozhaigongsi.com,10
wutaihangjia.net,10
koofenqi.com,10
zhangrong360.com,10
www.rgbjp.com,10
www.jisuanfangdai.com,10
112.15.232.43:8081,10
www.rzyhls.com,10
m.pyzqzwls.com,10
loan.henghuirong.com,10
ddbig.com,10
www.zjthn.com,10
www.paipaidai.com,10
www.11g81s.cn,10
www.hbdebt.cn,10
www.wchedai.com,10
www.xiaoronglianmeng.com,10
www.iddai.net,10
www.luomac.com,10
www.56flw.com,10
www.0570bank.com,10
www.aylaopang.com,10
www.cqsrkfdk.cn,10
m.bixiadaikuan.com,10
www.zjsfgj-gov.cn,10
www.yedai8.com,10
116change.com,10
www.duolerong.com,10
www.yjknjl.cn,10
www.rongzi01.com,10
qj.0514dk.com,10
taizhou.0514dk.com,10
www.cdtzdl.com,10
www.cardpp.com,10
pjclub.cn,10
www.goodags.cn,10
syjrzx.com,10
taizdk.com,10
tanzdk.com,10
www.010guoqiaodianzi.com,10
duoleyoule.com,10
0553dai.cn,10
duoduoshenka.com,10
www.huschina.com,10
www.lilvbiao.cn,10
m.lyzqzwlsvip.com,10
tzh.0514dk.com,10
boworld.cn,10
www.xashiteng.com,10
www.zjcdbj.com,10
www.confjob.com,10
fensichi.cn,10
suixyk.com,10
www.ybzqzx.com,10
112.15.232.43:8081,10
www.szshengtongjx.com,10
ningxials.com,10
nbphjr.com,10
www.0553dai.cn,10
www.xmhd003.com,10
www.fzxj007.com,10
dxbbjs2.aly558.159301.com,10
www.szkongfang.com,10
www.scmk.com.cn,10
www.wzdkuan.com,10
yz.0514dk.com,10
www.wzkggs.cn,10
www.greatdreams.com.cn,10
112.15.232.43:8081,10
www.huoxingtanlvliao.com,10
ningbobangning.com,10
www.hzhangyuan.cn,10
hwyds0002.com,10
www.56flw.com,10
www.kashenvip.cn,10
112.15.232.43:8081,10
wxincredits.com,10
www.ddsd365.com,10
www3.cqhfls.com,10
ytfeiya.com,10
www.lovebegining.com,10
www.0514dk.com,10
www.hnjr8.com,10
www.56flw.com,10
chnhaln.com,10
www.taoxiangjj.com,10
taoxiangjj.com,10
www.huayichecheng.com,10
ningbo.moyun321.com,10
112.15.232.43:8081,10
www.cqlstzw.com,10
kk.czlose.cn,10
go.aiguojia.xyz,10
jsxlbxg.com,10
azhhhnu2.njabc.top:39861,10
admin.sudaiboshi.com,10
www.ezsafe.cn,10
diyachedaikuan.com,10
www.hzqichediya.com,10
szkim.com,10
api-bro0ed.njabc.top:39774,10
hzyache.cc,10
www.lisdaik.com,10
www.xcsdlzx.com,10
www.xmdkvip.com,10
www.fzfclaw.cn,10
www.zjkc120.com,10
www.shmotorjack.com,10
557fz.com,11
nyys.store,11
v1.svs81.com,11
udg.cc,11
www.wb777.xyz,11
www.yulecf.com,11
www.debiwz.vip,11
www.19008522.com,11
paya.gmdds28.com,11
hlapi.cn,11
www.hbsd120.com,11
ylfyjbjgc.com,11
999.08kaw.cn,11
www.fjwh.xyz,11
www.hnjypj.com,11
www.taodan7.cn,11
www.bdws666.com,11
www.110xiazai.com,11
ld53.xyz,11
mall.cakeerp.cn,11
www.lxzs888.cn,11
www.65km.com,11
ditui.wfjyxxkj.com,11
m.yaofangr.cn,11
www.fuzhenchang.com,11
h122.rest,11
www.nyys.store,11
qmds233.com,11
wehoiae.com ,11
dxpdd.com ,11
jxktv8.com ,11
88n88.cn ,11
www.89dgw.com ,11
777xc.cn ,11
daohangtx.com ,11
99sua.cn ,11
qqb521.cn ,11
www.99sua.cn ,11
www.i.56truck.cn ,11
www.keyuan-sat.com.cn ,11
www.sqxfzx.com ,11
zhaoguo.net ,11
hevote.com ,11
888skm.xyz ,11
www.hrcy88.com ,11
sxxsu.com ,11
www.daohangapp.com ,11
52dgqq.com ,11
jianjimei.com ,11
buy5j.com ,11
chaoliu6.cn ,11
www.shxiangrun.cn ,11
xbxb1314.cn ,11
wxhpf.com ,11
rank.chinaz.comm.5173ka.com ,11
youshua.cn ,11
www.5duros.com ,11
www.ac168168.com ,11
gmlup.com ,11
hameedrazi.com ,11
www.osrrs.com ,11
hkjsoft.com ,11
www.aikanwk.com ,11
jumanmall.com ,11
hhxsd.xyz ,11
www.taobaopt.cn ,11
www.hhxsd.xyz ,11
www.yinliuhe.cn ,11
www.gmlup.com ,11
pd6sil.zyk.ink ,11
www.66ka.pw ,11
taobaopt.cn ,11
kg.zhousanfeng.cn ,11
dzyhtgb.com ,11
hhfpt.com ,11
ql1w38.cn ,11
abcdefg.fit ,11
jushuakeji.cn ,11
t573372.3.hm.smpvndw.cn ,11
www.v-ba.com ,11
huge.9qu.ac.cn ,11
qbmstns.cn ,11
www.dy135.ee ,11
i9996.cn ,11
yiyun.zqblei.site:5000 ,11
1212.games ,11
www.wxshuabu.cn ,11
www.yangjianfei.com ,11
www.mobi.56truck.cn ,11
www.in.56truck.cn ,11
www.info.56truck.cn ,11
webdisk.video.56truck.cn ,11
www.ftp.56truck.cn ,11
jisuxiadan123.com ,11
iphone.56truck.cn ,11
www.bot8.top ,11
www.help.56truck.cn ,11
www.de.56truck.cn ,11
dj.378ka.com ,11
www.affiliates.56truck.cn ,11
www.gthxgm.cn ,11
shua9.cn ,11
www.db.56truck.cn ,11
www.members.56truck.cn ,11
www.pay.56truck.cn ,11
dmz.wwxxs.top ,11
www.top.56truck.cn ,11
static.origin.56truck.cn ,11
www.update.56truck.cn ,11
1.56truck.cn ,11
online.56truck.cn ,11
www.elearning.56truck.cn ,11
www.abc.56truck.cn ,11
www.stream.56truck.cn ,11
csr12.net.56truck.cn ,11
www.download.56truck.cn ,11
www.link.56truck.cn ,11
www.app.56truck.cn ,11
yeongwo.com ,11
www.auto.56truck.cn ,11
www.movies.56truck.cn ,11
88homeus.com ,11
www.up.56truck.cn ,11
www.map.56truck.cn ,11
www.ganhuash.cn ,11
www.xinlvtong.cn ,11
csr21.net.56truck.cn ,11
www.drupal.56truck.cn ,11
xinlvtong.cn ,11
alex.56truck.cn ,11
hqldg.com ,11
isp-caledon.cit.56truck.cn ,11
yydtzs.cn ,11
pkckv21.cn ,11
www.extranet.56truck.cn ,11
www.sklep.56truck.cn ,11
www.stat.56truck.cn ,11
webdisk.mail.56truck.cn ,11
tp1272.com ,11
webdisk.members.56truck.cn ,11
www.india.56truck.cn ,11
www.mp3.56truck.cn ,11
www.articles.56truck.cn ,11
www.life.56truck.cn ,11
www.rss.56truck.cn ,11
keyuan-sat.com.cn ,11
www.start.56truck.cn ,11
oka.fk8888.cn ,11
www.whjtkjz.com ,11
www.hrm.56truck.cn ,11
mobile.56truck.cn ,11
ream.origin.56truck.cn ,11
njhbn.cn ,11
webdisk.wp.56truck.cn ,11
www.2.56truck.cn ,11
www.android.56truck.cn ,11
www.faq.56truck.cn ,11
www.love.56truck.cn ,11
azg.isdgw.cn ,11
yc.dguu.vip ,11
96115.cc ,11
www.apps.56truck.cn ,11
www.my.56truck.cn ,11
webdisk.videos.56truck.cn ,11
www.login.56truck.cn ,11
ntjjkf.com.cn ,11
www.tour.56truck.cn ,11
www.adserver.56truck.cn ,11
www.ip.56truck.cn ,11
www.stats.56truck.cn ,11
www.wangtzyy.com ,11
cavip917.com ,11
m.83323d.com ,11
www.rhjjgj.com ,11
w133zf.com ,11
camt673.com ,11
mmuytw.com ,11
131314a.com ,11
www.futuretransporttas.org ,11
www.97828288.com ,11
2592xpj.com ,11
339820.com ,11
www.hbcxmx.com ,11
tbw-shizixiu.com ,11
www.6806777.com ,11
xd0362app.com ,11
bbb896.com ,11
1446m.com ,11
7842p.com ,11
zyrxkj.com ,11
3199app12.com ,11
w4486.com ,11
59tycvip.com ,11
57h.oh5design.com ,11
www.hgyaolu.com ,11
www.hongyuyaoye.org ,11
www.kleineedit.com ,11
capng321.com ,11
cattg591.com ,11
cavip326.com ,11
m7d.oh5design.com ,11
mx00007.com ,11
0290ln.com ,11
127c75.com ,11
www.eleveurcanin.com ,11
v5036.com ,11
www.mannemat.com ,11
www.d7688.com ,11
1388xl7.com ,11
www.mathewevansmediate.com ,11
xiaoya119.com ,11
009043.com:8866 ,11
60tycvip.com ,11
www.gostarehabi.com ,11
www.oh5design.com ,11
jsss138.com ,11
www.teamtouch.net ,11
www.templeofamrita.com ,11
tyc3201.com ,11
6920yh.com ,11
blzlt.top ,11
camt708.com ,11
hy33589.com ,11
hy12011.com ,11
pts681.com ,11
zcw41.cc ,11
908gg.cc ,11
www.eclawyer.com ,11
hy31589.com ,11
hhd60555.com ,11
009043.com:6899 ,11
8268ii.com ,11
6697828.com ,11
v5590.com ,11
zhaiquanjiaoyi.com ,11
616163a.com ,11
1365566.com ,11
49tycvip.com ,11
www.art-ternopil.com ,11
bc21888.com ,11
ys91956.com ,11
mtc5566.com ,11
www.sexppt.com ,11
www.roadshow2013.com ,11
www.58jianzhuw.net ,11
959539a.com ,11
tyc3203.com ,11
camg119.com ,11
tyc3206.com ,11
101897.com ,11
sdh145.com ,11
dfp00.com ,11
www.beifangdc.cn ,11
yzlhb661.com ,11
70tycvip.com ,11
99bjllo.com ,11
9455ss.cc ,11
9972004.com ,11
cattg281.com ,11
www.ingallen.com ,11
8269h.com ,11
nbghj.org ,11
www.xt004.com ,11
77658xx.com ,11
www.arccostruzioni.com ,11
cattg223.com ,11
taihaitv.com.cn ,11
k052801.com ,11
yzlhb162.com ,11
www.75radio.com ,11
m.83323g.com ,11
www.152789.site ,11
www.176161.com ,11
3991166.com:8888 ,11
camg173.com ,11
cayzm193.com ,11
399292d.com ,11
84156h.com:5569 ,11
pts281.com ,11
hdcp0.com ,11
sdh144.com ,11
152789.site ,11
b.888hc.xyz ,11
7567ss.com ,11
8268bb.com ,11
www.alsmjsez.com ,11
beifangdc.cn ,11
bf35327.com ,11
camt672.com ,11
jsss135.com ,11
zjqzgc.com ,11
1388128.com ,11
www.gusmercellulo.com ,11
www.rumahmade.com ,11
agca708.com ,11
asdfghjklqq.com ,11
ee3651111.com ,11
xiamen88.net ,11
828888a.com ,11
www.c50039.com ,11
8268x.com ,11
8269w.com ,11
cabb227.com ,11
wzqt8.com ,11
nx3.hhhtklch.com ,11
ycfcapp002.com ,11
s6g.hnczbrmu.com ,11
shpjssd.com ,11
www.127c75.com ,11
8268xx.com ,11
9831511.com ,11
www.188wen.com ,11
1466qq.com ,11
2082.app ,11
casw137.com ,11
bl17130app.com ,11
www.biblecitymail.com ,11
www.3199510.com ,11
286698f.com ,11
8268w.com ,11
6699564.com ,11
www.ahyjlb.com ,11
camg128.com ,11
sj2229.com ,11
vips67.com:7730 ,11
212yh1.com ,11
9460zp.com ,11
c1198-9.com ,11
www.cnpp1.com ,11
hgdchang.com ,11
www.fjzjjl.cn ,11
ycapp1.com ,11
43.154.15.146,11
www.zibohangtai.com,11
m.lygruixi.com,11
55ya.cn,11
www.lufaka.com,11
112.15.232.43:8081,11
faka.haodidi.site,11
bj.csqixia.com,11
jhtydz.cn,11
www.548km.cn,11
ncdx.llooa.xyz,11
www.jiakechuanmei.com,11
fang.iaoycc.cn,11
www.hameedrazi.com,11
www.351km.cn,11
js1.hhtjkzg.cn,11
xhzz88.com,11
xstcn.cn,11
7km.ren,11
langyu.ipasser.cn,11
zhongkaka.com,11
www.xingfenka.com,11
www.americannewlogisticsservice.com,11
www.ggff100.com,11
www.wanche99.com,11
www.100bang.co.kr,11
www.707wy.com,11
ppc300.cn,11
9238261.hzlyapp.top,11
yanchencc.qiezhifu.cn,11
qirongjn.com,11
feimabb.com,11
172wz.com,11
www.tdrhsy.com,11
v1.zhiyunka.com,11
xl.shouhuwl.xyz,11
zhifu.vnevow.com,11
www.souchexia.com,11
68hg.com,11
lifting-platform.com,11
youxizaids.com,11
www.beida.shop,11
www.dwrxms.cn,11
www.laogeboli.com,11
www.lfzhuotian.com,11
www.tongbuquan.com,11
006fz.com,11
m.ljfzzds.cn,11
www.364km.com,11
xn--cet81p.site,11
jmwjgs88.cn,11
788quka.com,11
gdnfjmxy.com.cn,11
kaaish.cn,11
116.wvwyfr.cn,11
wlicmcr.glduwza.cn,11
lishuhuahui.com,11
www.bcqfl.com,11
5917.fhyl.top,11
www.857wg.cn,11
rustshop.xyz,11
112.15.232.43:8081,11
51jmmj.com,11
a.asfasdfa.cn,11
112.15.232.43:8081,11
www.sdckhb.com,11
134.122.191.150:8083,11
duokaituan.com,11
1fas.space,11
cxfk.chenxiya.xyz,11
www.gusyl.com,11
fspower100.cn,11
dyzs.sfzwb.shop,11
faka.zhibofenxiang.com,11
2.1000ka.xyz,11
gta8.xyz,11
www.muguifk.xyz,11
ditui.wfjyxxkj.com,11
m.shkj199.com,11
999.08kaw.cn,11
nk666.odnb.xyz,11
yy10244.cn,11
yawang.ddfgd.top,11
www.sdgs8.xyz,11
www.fulengnmkl.xyz,11
www.65km.com,11
www.888888vip.top,11
ccdyin.xyz,11
ylzc.shop,11
www.hbsd120.com,11
by1013.zpaym.com,11
112.15.232.43:8081,11
cjsq.z-blog.tk,11
www.110xiazai.com,11
wofenglawyer.com,11
www.xyfxzx.com,11
udg.cc,11
1314km.xyz,11
m.yaofangr.cn,11
www.19008522.com,11
557fz.com,11
ld53.xyz,11
vxin88.com,11
559nb.xyz,11
hwztsc.com,11
www.debiwz.vip,11
pay.youzinb.com,11
sgvg.cn,11
www.lxzs888.cn,11
www.tuwenkuaiyin.cn,11
www.yulecf.com,11
cf83.cn,11
lmqygzs.com,11
nbsmwk.cn,11
www.hxdck.cn,11
www.jzjxny.com,11
xuanfang.org,11
www.woshima.com,11
www.mxsc888.com,11
www.jinchengec.com,11
mall.cakeerp.cn,11
shua99.cn,11
jinchengec.com,11
shua9.cn,11
www.zhaoguo.net,11
m.aitianbaozhuang.com,11
7mgame.cn,11
gsmjj.net,11
124.156.139.61,11
scm.dou168888.top,11
keibszc.cn,11
zm.meyunda.cn,11
www.flhfood.com,11
hz.mixcsh.com,11
ajjapp.cn,11
112.15.232.43:8081,11
tp.88rgg.cn,11
112.15.232.43:8081,11
www.xw08.cn,11
d.690kj.com,11
k7896.com,11
www.dzyhtgb.com,11
www.ciwenxue.com,11
www.tatoupiao.com,11
www.chen339949.top,11
dtk.click.com.cn,11
www.nbyjjj.cn,11
112.15.232.43:8081,11
beipojx.cn,11
d9.dongan0.com,11
zy339.xyz,11
112.15.232.43:8081,11
www.zi115.com,11
ku.wumeipu.com,11
www.csqixia.com,11
www.woshua.co,11
shxiangrun.cn,11
hexiangedu.cn,11
dkl.xw08.cn,11
znkm.kmzn886.xyz,11
112.15.232.43:8081,11
xianjincun.cn,11
690kj.xyz,11
wxshuabu.cn,11
42sc.cn,11
cvb2311.8828s.cc,11
112.15.232.43:8081,11
112.15.232.43:8081,11
www.001ds.cn,11
112.15.232.43:8081,11
hihaihi.com,11
jxggwpx.cn,11
www.ylovemy.com,11
www.chaojidabao.com,11
zkao16.com,11
chen339949.top,11
www.renwujun.com.cn,11
790kj.xyz,11
112.15.232.43:8081,11
www.9daishua.cn,11
pddhuzhu.com,11
uqdpez.cn,11
yyds.wusi888.xyz,11
wyy.2wyy.cn,11
yu.ibitapp.com,11
m8sq.cc,11
eegvmin.glduwza.cn,11
wxj.zmtsq.cn,11
qmds233.com,11
sandy.cesy.top,12
www.06fj.com,12
gc13.port0.org,12
www.newrc.cn,12
